Unnamed: 0;mmsi;date_time_utc;sog;cog;true_heading;nav_status;calc_speed;lon;lat
490206;212052000;2019-02-02 08:15:35;9.6;3.1;3;0;14.3;4.20533;59.4247
490207;212052000;2019-02-02 08:15:39;9.6;4.4;4;0;5.3;4.2053;59.4248
490208;212052000;2019-02-02 08:15:41;9.6;3.4;3;0;10.7;4.20531;59.4249
490209;212052000;2019-02-02 08:15:44;9.7;3.0;3;0;14.3;4.20532;59.4251
490210;212052000;2019-02-02 08:15:48;9.6;4.6;4;0;7.1;4.20536;59.4252
490211;212052000;2019-02-02 08:15:51;9.6;5.1;4;0;14.3;4.20539;59.4254
490212;212052000;2019-02-02 08:15:55;9.6;3.4;3;0;5.3;4.20539;59.4255
490213;212052000;2019-02-02 08:15:59;9.6;3.2;3;0;10.7;4.20533;59.4257
490214;212052000;2019-02-02 08:16:02;9.6;5.2;4;0;14.3;4.20545;59.4258
490215;212052000;2019-02-02 08:16:06;9.6;5.1;3;0;10.7;4.20547;59.426
490216;212052000;2019-02-02 08:16:08;9.6;3.4;4;0;10.7;4.20547;59.4261
490217;212052000;2019-02-02 08:16:11;9.6;4.3;3;0;14.3;4.2055;59.4263
490218;212052000;2019-02-02 08:16:19;9.6;4.3;4;0;5.3;4.2055;59.4265
490219;212052000;2019-02-02 08:16:26;9.6;4.3;4;0;6.1;4.20559;59.4268
490220;212052000;2019-02-02 08:16:31;9.6;4.4;3;0;12.8;4.20564;59.4272
490221;212052000;2019-02-02 08:16:34;9.6;4.2;4;0;7.1;4.20567;59.4273
490222;212052000;2019-02-02 08:16:38;9.6;4.5;3;0;10.7;4.20567;59.4275
490223;212052000;2019-02-02 08:16:45;9.6;4.7;3;0;9.2;4.20574;59.4278
490224;212052000;2019-02-02 08:16:52;9.6;4.3;3;0;6.1;4.20578;59.428
490225;212052000;2019-02-02 08:16:54;9.6;4.4;3;0;21.4;4.2058;59.4282
490226;212052000;2019-02-02 08:16:58;9.6;4.8;3;0;5.3;4.20583;59.4283
490227;212052000;2019-02-02 08:17:05;9.7;4.2;3;0;12.2;4.20583;59.4287
490228;212052000;2019-02-02 08:17:12;9.7;4.0;2;0;6.1;4.20591;59.4289
490229;212052000;2019-02-02 08:17:19;9.6;3.9;3;0;9.2;4.20595;59.4292
490230;212052000;2019-02-02 08:17:24;9.6;3.5;3;0;12.8;4.20598;59.4295
490231;212052000;2019-02-02 08:17:25;9.6;3.5;3;0;21.4;4.20599;59.4296
490232;212052000;2019-02-02 08:17:32;9.6;3.5;2;0;6.1;4.20602;59.4298
490233;212052000;2019-02-02 08:17:35;9.7;3.2;2;0;14.3;4.206;59.43
490234;212052000;2019-02-02 08:17:39;9.6;3.8;3;0;5.3;4.20606;59.4301
490235;212052000;2019-02-02 08:17:42;9.7;4.2;2;0;14.3;4.20609;59.4303
490236;212052000;2019-02-02 08:17:46;9.6;2.6;3;0;5.3;4.20609;59.4304
490237;212052000;2019-02-02 08:17:48;9.6;3.1;3;0;2.9;4.2061;59.4305
490238;212052000;2019-02-02 08:17:51;9.7;4.6;3;0;14.3;4.20614;59.4307
490239;212052000;2019-02-02 08:17:59;9.7;3.1;2;0;8.0;4.20617;59.431
490240;212052000;2019-02-02 08:18:06;9.6;3.8;3;0;9.2;4.20621;59.4313
490241;212052000;2019-02-02 08:18:11;9.6;3.3;3;0;12.8;4.20624;59.4316
490242;212052000;2019-02-02 08:18:18;9.6;3.8;2;0;9.2;4.20628;59.4319
490243;212052000;2019-02-02 08:18:26;9.6;3.3;2;0;8.0;4.20633;59.4322
490244;212052000;2019-02-02 08:18:29;9.6;3.9;3;0;7.1;4.20633;59.4323
490245;212052000;2019-02-02 08:18:31;9.6;3.3;2;0;21.4;4.20635;59.4325
490246;212052000;2019-02-02 08:18:34;9.6;2.5;2;0;7.1;4.20635;59.4326
490247;212052000;2019-02-02 08:18:38;9.6;2.6;3;0;10.7;4.20633;59.4328
490248;212052000;2019-02-02 08:18:45;9.6;2.8;3;0;9.2;4.20641;59.4331
490249;212052000;2019-02-02 08:18:52;9.6;4.0;3;0;9.2;4.20645;59.4334
490250;212052000;2019-02-02 08:18:58;9.6;2.4;2;0;10.7;4.20647;59.4337
490251;212052000;2019-02-02 08:19:05;9.6;3.9;3;0;9.2;4.20651;59.434
490252;212052000;2019-02-02 08:19:08;9.6;3.3;3;0;7.1;4.20653;59.4341
490253;212052000;2019-02-02 08:19:12;9.7;2.0;2;0;10.7;4.20652;59.4343
490254;212052000;2019-02-02 08:19:16;9.6;2.3;3;0;10.7;4.20655;59.4345
490255;212052000;2019-02-02 08:19:19;9.6;4.1;3;0;7.1;4.20658;59.4346
490256;212052000;2019-02-02 08:19:21;9.6;2.9;3;0;10.7;4.20658;59.4347
490257;212052000;2019-02-02 08:19:25;9.6;2.4;3;0;10.7;4.20659;59.4349
490258;212052000;2019-02-02 08:19:28;9.5;3.4;4;0;14.3;4.20667;59.435
490259;212052000;2019-02-02 08:19:31;9.6;3.7;3;0;14.3;4.20664;59.4352
490260;212052000;2019-02-02 08:19:35;9.6;2.8;4;0;5.3;4.20667;59.4353
490261;212052000;2019-02-02 08:19:39;9.6;3.8;4;0;10.7;4.20667;59.4355
490262;212052000;2019-02-02 08:19:42;9.7;3.7;4;0;7.1;4.20669;59.4356
490263;212052000;2019-02-02 08:19:46;9.5;3.2;4;0;5.3;4.2067;59.4357
490264;212052000;2019-02-02 08:19:48;9.6;4.4;4;0;21.4;4.20674;59.4359
490265;212052000;2019-02-02 08:19:51;9.5;4.3;4;0;14.3;4.20676;59.4361
490266;212052000;2019-02-02 08:19:55;9.7;3.4;3;0;5.3;4.20677;59.4362
490267;212052000;2019-02-02 08:19:58;9.5;4.0;4;0;14.3;4.2068;59.4364
490268;212052000;2019-02-02 08:20:02;9.6;5.2;4;0;10.7;4.20683;59.4365
490269;212052000;2019-02-02 08:20:06;9.6;4.3;4;0;5.3;4.20684;59.4366
490270;212052000;2019-02-02 08:20:09;9.6;3.7;4;0;7.1;4.20686;59.4368
490271;212052000;2019-02-02 08:20:11;9.6;5.1;4;0;10.7;4.20689;59.4369
490272;212052000;2019-02-02 08:20:15;9.6;4.4;4;0;10.7;4.20691;59.4371
490273;212052000;2019-02-02 08:20:18;9.6;3.9;3;0;7.1;4.20692;59.4372
490274;212052000;2019-02-02 08:20:22;9.6;4.8;3;0;5.3;4.20696;59.4374
490275;212052000;2019-02-02 08:20:25;9.6;4.6;4;0;7.1;4.20698;59.4375
490276;212052000;2019-02-02 08:20:26;9.6;4.3;3;0;21.4;4.20698;59.4376
490277;212052000;2019-02-02 08:20:29;9.7;3.8;3;0;7.1;4.207;59.4377
490278;212052000;2019-02-02 08:20:38;9.6;3.2;3;0;9.5;4.20706;59.4381
490279;212052000;2019-02-02 08:20:41;9.7;3.7;2;0;14.3;4.20708;59.4383
490280;212052000;2019-02-02 08:20:45;9.6;4.5;3;0;5.3;4.20711;59.4384
490281;212052000;2019-02-02 08:20:49;9.6;4.0;2;0;5.3;4.20712;59.4385
490282;212052000;2019-02-02 08:20:52;9.6;3.0;2;0;14.3;4.20713;59.4387
490283;212052000;2019-02-02 08:20:59;9.6;4.2;2;0;9.2;4.20718;59.439
490284;212052000;2019-02-02 08:21:01;9.6;2.9;2;0;21.4;4.20718;59.4392
490285;212052000;2019-02-02 08:21:05;9.6;1.8;2;0;5.3;4.20718;59.4393
490286;212052000;2019-02-02 08:21:08;9.6;3.2;2;0;7.1;4.20721;59.4395
490287;212052000;2019-02-02 08:21:12;9.6;2.9;2;0;5.3;4.20722;59.4396
490288;212052000;2019-02-02 08:21:16;9.6;2.3;3;0;10.7;4.20723;59.4398
490289;212052000;2019-02-02 08:21:19;9.6;2.6;3;0;7.1;4.20725;59.4399
490290;212052000;2019-02-02 08:21:26;9.6;2.8;3;0;9.2;4.20727;59.4402
490291;212052000;2019-02-02 08:21:28;9.6;3.1;3;0;10.7;4.20733;59.4403
490292;212052000;2019-02-02 08:21:31;9.6;2.1;2;0;14.3;4.20729;59.4405
490293;212052000;2019-02-02 08:21:35;9.6;2.6;3;0;5.3;4.20731;59.4406
490294;212052000;2019-02-02 08:21:39;9.6;3.5;3;0;10.7;4.20734;59.4408
490295;212052000;2019-02-02 08:21:42;9.6;2.5;3;0;7.1;4.20735;59.4409
490296;212052000;2019-02-02 08:21:46;9.6;2.2;3;0;10.7;4.20735;59.4411
490297;212052000;2019-02-02 08:21:49;9.5;3.9;4;0;14.3;4.20739;59.4413
490298;212052000;2019-02-02 08:21:51;9.6;3.5;3;0;10.7;4.2074;59.4414
490299;212052000;2019-02-02 08:21:55;9.5;2.5;4;0;10.7;4.20741;59.4416
490300;212052000;2019-02-02 08:21:58;9.5;3.0;4;0;7.1;4.20742;59.4417
490301;212052000;2019-02-02 08:22:02;9.6;4.1;4;0;5.3;4.20746;59.4418
490302;212052000;2019-02-02 08:22:06;9.5;3.8;4;0;10.7;4.20748;59.442
490303;212052000;2019-02-02 08:22:09;9.6;3.1;4;0;7.1;4.20749;59.4421
490304;212052000;2019-02-02 08:22:11;9.5;3.8;4;0;21.4;4.20751;59.4423
490305;212052000;2019-02-02 08:22:14;9.6;4.8;4;0;7.1;4.20754;59.4424
490306;212052000;2019-02-02 08:22:18;9.5;3.3;4;0;10.7;4.20755;59.4426
490307;212052000;2019-02-02 08:22:21;9.6;3.8;4;0;7.1;4.20757;59.4427
490308;212052000;2019-02-02 08:22:29;9.5;5.2;4;0;8.0;4.20763;59.443
490309;212052000;2019-02-02 08:22:32;9.6;3.6;4;0;14.3;4.20764;59.4432
490310;212052000;2019-02-02 08:22:34;9.5;3.8;4;0;10.7;4.20766;59.4433
490311;212052000;2019-02-02 08:22:38;9.6;5.9;4;0;10.7;4.20771;59.4435
490312;212052000;2019-02-02 08:22:41;9.5;3.8;4;0;7.1;4.20771;59.4436
490313;212052000;2019-02-02 08:22:45;9.6;3.5;4;0;5.3;4.20773;59.4437
490314;212052000;2019-02-02 08:22:48;9.6;5.4;4;0;14.3;4.20777;59.4439
490315;212052000;2019-02-02 08:22:52;9.5;4.3;4;0;5.3;4.20779;59.444
490316;212052000;2019-02-02 08:22:56;9.6;3.5;3;0;10.7;4.2078;59.4442
490317;212052000;2019-02-02 08:22:59;9.5;5.0;4;0;14.3;4.20784;59.4444
490318;212052000;2019-02-02 08:23:05;9.6;3.5;4;0;10.7;4.20787;59.4447
490319;212052000;2019-02-02 08:23:35;9.6;4.4;4;0;9.4;4.20807;59.446
490320;212052000;2019-02-02 08:23:38;9.7;4.9;3;0;7.1;4.2081;59.4461
490321;212052000;2019-02-02 08:23:42;9.6;3.7;3;0;10.7;4.20811;59.4463
490322;212052000;2019-02-02 08:23:46;9.7;4.1;3;0;5.3;4.20814;59.4464
490323;212052000;2019-02-02 08:23:49;9.6;4.7;3;0;7.1;4.20817;59.4465
490324;212052000;2019-02-02 08:23:54;9.6;3.4;3;0;12.8;4.2082;59.4468
490325;212052000;2019-02-02 08:24:05;9.6;4.6;3;0;9.7;4.20827;59.4473
490326;212052000;2019-02-02 08:24:35;9.7;2.2;2;0;9.3;4.20841;59.4486
490327;212052000;2019-02-02 08:24:45;9.7;3.8;3;0;10.7;4.20848;59.4491
490328;212052000;2019-02-02 08:24:48;9.7;1.3;3;0;14.3;4.20846;59.4493
490329;212052000;2019-02-02 08:24:52;9.7;2.8;3;0;5.3;4.20849;59.4494
490330;212052000;2019-02-02 08:24:55;9.7;4.6;3;0;7.1;4.20853;59.4495
490331;212052000;2019-02-02 08:24:59;9.7;2.6;4;0;10.7;4.20853;59.4497
490332;212052000;2019-02-02 08:25:02;9.7;1.8;4;0;7.1;4.20853;59.4498
490333;212052000;2019-02-02 08:25:04;9.7;2.9;4;0;21.4;4.20855;59.45
490334;212052000;2019-02-02 08:25:08;9.7;3.8;4;0;10.7;4.20859;59.4502
490335;212052000;2019-02-02 08:25:11;9.6;3.5;5;0;7.1;4.2086;59.4503
490336;212052000;2019-02-02 08:25:19;9.7;3.1;5;0;10.7;4.20867;59.4507
490337;212052000;2019-02-02 08:25:29;9.7;3.0;6;0;9.2;4.20867;59.451
490338;212052000;2019-02-02 08:25:31;9.7;4.3;7;0;21.4;4.20872;59.4512
490339;212052000;2019-02-02 08:25:34;9.7;5.4;8;0;7.1;4.20875;59.4513
490340;212052000;2019-02-02 08:25:38;9.7;3.9;8;0;10.7;4.20877;59.4515
490341;212052000;2019-02-02 08:25:42;9.6;4.2;9;0;5.3;4.20879;59.4516
490342;212052000;2019-02-02 08:25:46;9.6;6.2;9;0;10.7;4.20883;59.4518
490343;212052000;2019-02-02 08:25:49;9.6;5.6;10;0;7.1;4.20887;59.4519
490344;212052000;2019-02-02 08:25:52;9.6;5.1;10;0;14.3;4.20888;59.4521
490345;212052000;2019-02-02 08:25:54;9.6;6.9;11;0;10.7;4.20893;59.4522
490346;212052000;2019-02-02 08:25:58;9.6;7.4;11;0;10.7;4.20898;59.4524
490347;212052000;2019-02-02 08:26:01;9.6;6.5;12;0;7.1;4.209;59.4525
490348;212052000;2019-02-02 08:26:05;9.6;8.0;13;0;10.7;4.20905;59.4527
490349;212052000;2019-02-02 08:26:09;9.6;8.1;13;0;5.3;4.20909;59.4528
490350;212052000;2019-02-02 08:26:12;9.6;8.1;14;0;14.3;4.20914;59.453
490351;212052000;2019-02-02 08:26:19;9.6;9.8;16;0;9.7;4.20933;59.4533
490352;212052000;2019-02-02 08:26:21;9.6;9.6;16;0;10.7;4.20929;59.4534
490353;212052000;2019-02-02 08:26:28;9.5;11.7;19;0;9.4;4.20942;59.4537
490354;212052000;2019-02-02 08:26:32;9.6;12.2;18;0;5.3;4.20949;59.4538
490355;212052000;2019-02-02 08:26:35;9.6;11.7;18;0;14.3;4.20953;59.454
490356;212052000;2019-02-02 08:26:39;9.5;12.3;20;0;11.2;4.20967;59.4542
490357;212052000;2019-02-02 08:26:43;9.5;14.7;21;0;5.3;4.2097;59.4543
490358;212052000;2019-02-02 08:26:48;9.5;14.6;23;0;13.2;4.20985;59.4546
490359;212052000;2019-02-02 08:26:52;9.4;17.0;23;0;5.8;4.20994;59.4547
490360;212052000;2019-02-02 08:26:55;9.5;17.7;23;0;7.8;4.21002;59.4548
490361;212052000;2019-02-02 08:26:59;9.4;16.6;24;0;11.2;4.21017;59.455
490362;212052000;2019-02-02 08:27:02;9.5;19.0;24;0;7.1;4.21022;59.4551
490363;212052000;2019-02-02 08:27:04;9.4;20.9;24;0;11.7;4.21032;59.4552
490364;212052000;2019-02-02 08:27:09;9.5;20.0;24;0;8.9;4.21044;59.4554
490365;212052000;2019-02-02 08:27:11;9.5;19.4;24;0;11.7;4.21052;59.4555
490366;212052000;2019-02-02 08:27:18;9.5;22.9;25;0;10.3;4.21083;59.4558
490367;212052000;2019-02-02 08:27:22;9.5;20.4;25;0;5.3;4.21084;59.4559
490368;212052000;2019-02-02 08:27:29;9.4;23.1;26;0;10.6;4.21117;59.4562
490369;212052000;2019-02-02 08:27:31;9.5;22.0;26;0;10.7;4.21118;59.4563
490370;212052000;2019-02-02 08:27:34;9.5;21.2;25;0;7.8;4.21127;59.4564
490371;212052000;2019-02-02 08:27:38;9.5;22.6;26;0;11.2;4.21138;59.4566
490372;212052000;2019-02-02 08:27:41;9.5;23.5;27;0;8.4;4.21153;59.4567
490373;212052000;2019-02-02 08:27:49;9.5;22.8;26;0;8.5;4.21176;59.457
490374;212052000;2019-02-02 08:27:52;9.5;24.6;28;0;8.4;4.21188;59.4571
490375;212052000;2019-02-02 08:27:54;9.5;24.6;28;0;11.7;4.21199;59.4572
490376;212052000;2019-02-02 08:28:01;9.5;24.7;28;0;10.0;4.21223;59.4575
490377;212052000;2019-02-02 08:28:04;9.5;26.1;28;0;8.4;4.21236;59.4576
490378;212052000;2019-02-02 08:28:08;9.6;24.4;27;0;11.2;4.2125;59.4578
490379;212052000;2019-02-02 08:28:19;9.5;26.0;28;0;8.5;4.21283;59.4582
490380;212052000;2019-02-02 08:28:21;9.5;25.1;28;0;12.6;4.21298;59.4583
490381;212052000;2019-02-02 08:28:28;9.5;26.2;29;0;10.0;4.21326;59.4586
490382;212052000;2019-02-02 08:28:31;9.4;25.7;29;0;7.8;4.21337;59.4587
490383;212052000;2019-02-02 08:28:35;9.6;26.7;29;0;6.3;4.2135;59.4588
490384;212052000;2019-02-02 08:28:39;9.4;27.1;30;0;11.7;4.21367;59.459
490385;212052000;2019-02-02 08:28:42;9.6;26.8;29;0;7.8;4.21377;59.4591
490386;212052000;2019-02-02 08:28:46;9.5;27.5;29;0;6.3;4.2139;59.4592
490387;212052000;2019-02-02 08:28:48;9.5;27.7;30;0;11.7;4.214;59.4593
490388;212052000;2019-02-02 08:28:51;9.5;28.5;29;0;15.6;4.21419;59.4595
490389;212052000;2019-02-02 08:28:54;9.5;27.2;29;0;7.8;4.2143;59.4596
490390;212052000;2019-02-02 08:28:58;9.5;27.5;29;0;6.3;4.21442;59.4597
490391;212052000;2019-02-02 08:29:02;9.5;29.0;29;0;11.7;4.2146;59.4599
490392;212052000;2019-02-02 08:29:05;9.5;28.1;29;0;8.4;4.21472;59.46
490393;212052000;2019-02-02 08:29:09;9.5;27.5;28;0;11.7;4.21488;59.4602
490394;212052000;2019-02-02 08:29:11;9.5;27.8;28;0;12.6;4.215;59.4603
490395;212052000;2019-02-02 08:29:18;9.6;27.8;28;0;10.3;4.21529;59.4606
490396;212052000;2019-02-02 08:29:22;9.5;26.6;27;0;5.8;4.2154;59.4607
490397;212052000;2019-02-02 08:29:25;9.6;27.0;27;0;7.8;4.2155;59.4608
490398;212052000;2019-02-02 08:29:29;9.5;27.3;28;0;6.3;4.21564;59.4609
490399;212052000;2019-02-02 08:29:32;9.6;27.5;27;0;15.6;4.21581;59.4611
490400;212052000;2019-02-02 08:29:34;9.6;26.5;27;0;11.7;4.21591;59.4612
490401;212052000;2019-02-02 08:29:38;9.6;26.1;27;0;5.8;4.21602;59.4613
490402;212052000;2019-02-02 08:29:41;9.6;26.9;27;0;15.6;4.21619;59.4615
490403;212052000;2019-02-02 08:29:48;9.6;25.8;27;0;10.0;4.21645;59.4618
490404;212052000;2019-02-02 08:29:52;9.5;25.7;27;0;5.8;4.21656;59.4619
490405;212052000;2019-02-02 08:29:55;9.6;26.6;27;0;8.4;4.21669;59.462
490406;212052000;2019-02-02 08:29:59;9.5;25.7;27;0;6.3;4.21683;59.4621
490407;212052000;2019-02-02 08:30:04;9.5;26.6;28;0;14.0;4.21707;59.4624
490408;212052000;2019-02-02 08:30:08;9.6;25.6;27;0;6.3;4.21722;59.4625
490409;212052000;2019-02-02 08:30:12;9.6;25.5;27;0;11.2;4.21733;59.4627
490410;212052000;2019-02-02 08:30:15;9.6;27.0;28;0;8.4;4.21746;59.4628
490411;212052000;2019-02-02 08:30:19;9.6;26.0;27;0;6.3;4.21761;59.4629
490412;212052000;2019-02-02 08:30:22;9.6;25.1;27;0;14.3;4.21771;59.4631
490413;212052000;2019-02-02 08:30:24;9.6;26.3;27;0;12.6;4.21784;59.4632
490414;212052000;2019-02-02 08:30:28;9.5;26.6;28;0;6.8;4.218;59.4633
490415;212052000;2019-02-02 08:30:31;9.6;25.7;27;0;14.9;4.21811;59.4635
490416;212052000;2019-02-02 08:30:35;9.6;25.8;27;0;6.3;4.21823;59.4636
490417;212052000;2019-02-02 08:30:39;9.5;27.1;29;0;6.8;4.21839;59.4637
490418;212052000;2019-02-02 08:30:42;9.6;27.3;28;0;14.9;4.21851;59.4639
490419;212052000;2019-02-02 08:30:49;9.6;26.4;28;0;10.3;4.21883;59.4642
490420;212052000;2019-02-02 08:30:53;9.6;28.1;29;0;1.9;4.21891;59.4642
490421;212052000;2019-02-02 08:30:54;9.6;26.8;29;0;44.7;4.21902;59.4644
490422;212052000;2019-02-02 08:30:58;9.6;27.2;28;0;6.3;4.21914;59.4645
490423;212052000;2019-02-02 08:31:02;9.6;27.6;29;0;6.8;4.21931;59.4646
490424;212052000;2019-02-02 08:31:05;9.5;27.0;29;0;14.9;4.21943;59.4648
490425;212052000;2019-02-02 08:31:09;9.6;28.1;28;0;12.6;4.21967;59.465
490426;212052000;2019-02-02 08:31:12;9.6;27.8;28;0;1.3;4.21972;59.465
490427;212052000;2019-02-02 08:31:14;9.6;27.4;28;0;22.4;4.21984;59.4652
490428;212052000;2019-02-02 08:31:18;9.6;27.5;28;0;6.8;4.22;59.4653
490429;212052000;2019-02-02 08:31:22;9.6;27.9;28;0;6.3;4.22013;59.4654
490430;212052000;2019-02-02 08:31:25;9.6;27.9;29;0;9.7;4.22033;59.4655
490431;212052000;2019-02-02 08:31:29;9.6;27.6;28;0;10.7;4.22041;59.4657
490432;212052000;2019-02-02 08:31:32;9.6;27.6;28;0;8.4;4.22053;59.4658
490433;212052000;2019-02-02 08:31:34;9.6;27.9;28;0;12.6;4.22066;59.4659
490434;212052000;2019-02-02 08:31:39;9.6;28.1;28;0;13.2;4.22083;59.4662
490435;212052000;2019-02-02 08:31:48;9.6;27.6;28;0;8.6;4.22123;59.4665
490436;212052000;2019-02-02 08:31:52;9.6;27.8;28;0;6.3;4.22136;59.4666
490437;212052000;2019-02-02 08:31:55;9.6;28.3;27;0;8.4;4.22149;59.4667
490438;212052000;2019-02-02 08:31:59;9.7;26.8;27;0;11.2;4.22164;59.4669
490439;212052000;2019-02-02 08:32:01;9.6;27.4;28;0;12.6;4.22176;59.467
490440;212052000;2019-02-02 08:32:04;9.7;28.0;27;0;8.4;4.2219;59.4671
490441;212052000;2019-02-02 08:32:08;9.6;26.5;27;0;10.7;4.222;59.4673
490442;212052000;2019-02-02 08:32:11;9.7;27.3;27;0;9.1;4.22217;59.4674
490443;212052000;2019-02-02 08:32:15;9.7;27.3;28;0;6.3;4.22229;59.4675
490444;212052000;2019-02-02 08:32:19;9.7;26.8;27;0;11.7;4.22245;59.4677
490445;212052000;2019-02-02 08:32:22;9.7;26.8;27;0;8.4;4.22257;59.4678
490446;212052000;2019-02-02 08:32:24;9.7;26.8;27;0;21.4;4.22267;59.468
490447;212052000;2019-02-02 08:32:28;9.7;26.9;27;0;7.3;4.22285;59.4681
490448;212052000;2019-02-02 08:32:34;9.7;26.1;27;0;8.1;4.22307;59.4683
490449;212052000;2019-02-02 08:32:38;9.7;26.8;27;0;11.7;4.22324;59.4685
490450;212052000;2019-02-02 08:32:42;9.7;27.1;28;0;6.3;4.22336;59.4686
490451;212052000;2019-02-02 08:32:45;9.7;26.0;28;0;7.8;4.22347;59.4687
490452;212052000;2019-02-02 08:32:49;9.7;26.1;27;0;7.3;4.22367;59.4688
490453;212052000;2019-02-02 08:32:51;9.7;27.3;28;0;21.4;4.22376;59.469
490454;212052000;2019-02-02 08:32:54;9.6;26.0;28;0;7.8;4.22387;59.4691
490455;212052000;2019-02-02 08:32:58;9.7;26.1;27;0;11.2;4.224;59.4693
490456;212052000;2019-02-02 08:33:05;9.6;27.3;29;0;7.5;4.22428;59.4695
490457;212052000;2019-02-02 08:33:09;9.7;26.2;28;0;10.7;4.22438;59.4697
490458;212052000;2019-02-02 08:33:12;9.6;27.4;28;0;9.1;4.22455;59.4698
490459;212052000;2019-02-02 08:33:14;9.7;28.2;28;0;12.6;4.22469;59.4699
490460;212052000;2019-02-02 08:33:18;9.7;27.1;28;0;11.2;4.22483;59.4701
490461;212052000;2019-02-02 08:33:21;9.7;26.7;28;0;8.4;4.22495;59.4702
490462;212052000;2019-02-02 08:33:25;9.7;27.5;28;0;6.3;4.22508;59.4703
490463;212052000;2019-02-02 08:33:28;9.6;27.6;29;0;14.3;4.22517;59.4705
490464;212052000;2019-02-02 08:33:32;9.7;27.8;28;0;7.3;4.22537;59.4706
490465;212052000;2019-02-02 08:33:35;9.7;26.7;28;0;7.8;4.22548;59.4707
490466;212052000;2019-02-02 08:33:39;9.7;28.1;29;0;11.7;4.22566;59.4709
490467;212052000;2019-02-02 08:33:41;9.7;28.6;29;0;22.4;4.22579;59.471
490468;212052000;2019-02-02 08:33:45;9.7;26.8;28;0;5.8;4.22589;59.4711
490469;212052000;2019-02-02 08:33:48;9.7;27.7;29;0;15.6;4.22606;59.4713
490470;212052000;2019-02-02 08:33:55;9.7;27.2;28;0;7.2;4.22631;59.4715
490471;212052000;2019-02-02 08:33:59;9.6;28.2;28;0;11.7;4.22648;59.4717
490472;212052000;2019-02-02 08:34:02;9.7;27.9;28;0;8.4;4.2266;59.4718
490473;212052000;2019-02-02 08:34:04;9.6;27.2;28;0;12.6;4.22672;59.4719
490474;212052000;2019-02-02 08:34:08;9.7;28.3;28;0;11.7;4.22689;59.4721
490475;212052000;2019-02-02 08:34:15;9.7;26.8;28;0;7.2;4.22713;59.4723
490476;212052000;2019-02-02 08:34:25;9.6;26.8;28;0;9.5;4.22752;59.4727
490477;212052000;2019-02-02 08:34:34;9.6;26.4;28;0;10.6;4.22792;59.4731
490478;212052000;2019-02-02 08:34:46;9.6;26.3;28;0;7.9;4.22831;59.4735
490479;212052000;2019-02-02 08:34:54;9.6;26.6;28;0;11.9;4.2287;59.4739
490480;212052000;2019-02-02 08:35:05;9.6;27.6;28;0;10.8;4.22915;59.4744
490481;212052000;2019-02-02 08:35:16;9.6;26.9;29;0;8.5;4.2295;59.4748
490482;212052000;2019-02-02 08:35:19;9.6;27.6;29;0;9.1;4.22967;59.4749
490483;212052000;2019-02-02 08:35:21;9.6;27.2;29;0;12.6;4.22979;59.475
490484;212052000;2019-02-02 08:35:24;9.6;26.7;29;0;7.8;4.2299;59.4751
490485;212052000;2019-02-02 08:35:28;9.6;27.7;29;0;11.7;4.23007;59.4753
490486;212052000;2019-02-02 08:35:32;9.6;27.4;29;0;6.3;4.23019;59.4754
490487;212052000;2019-02-02 08:35:35;9.6;27.4;29;0;8.4;4.23031;59.4755
12336926;311000038;2019-02-02 08:15:35;6.9;1.8;359;0;7.1;4.1871;59.4457
12336927;311000038;2019-02-02 08:15:39;7.2;360.0;359;0;5.3;4.18711;59.4458
12336928;311000038;2019-02-02 08:15:41;7.2;358.2;359;0;10.7;4.1871;59.4459
12336929;311000038;2019-02-02 08:15:48;7.1;2.7;359;0;6.1;4.18711;59.4461
12336930;311000038;2019-02-02 08:16:08;7.2;4.2;359;0;7.5;4.18714;59.4468
12336931;311000038;2019-02-02 08:16:11;7.1;1.3;359;0;7.1;4.18715;59.4469
12336932;311000038;2019-02-02 08:16:15;7.2;357.0;359;0;5.3;4.18715;59.447
12336933;311000038;2019-02-02 08:16:18;7.1;1.8;359;0;7.1;4.18715;59.4471
12336934;311000038;2019-02-02 08:16:22;7.1;5.1;359;0;10.7;4.18717;59.4473
12336935;311000038;2019-02-02 08:16:25;7.2;358.0;359;0;7.1;4.18718;59.4474
12336936;311000038;2019-02-02 08:16:29;7.0;0.0;359;0;5.3;4.18716;59.4475
12336937;311000038;2019-02-02 08:16:31;7.2;8.5;359;0;10.7;4.18718;59.4476
12336938;311000038;2019-02-02 08:16:34;7.2;359.8;359;0;7.1;4.1872;59.4477
12336939;311000038;2019-02-02 08:16:38;7.0;355.5;359;0;5.3;4.18717;59.4478
12336940;311000038;2019-02-02 08:16:42;7.3;5.2;359;0;5.3;4.18717;59.4479
12336941;311000038;2019-02-02 08:16:45;7.1;4.6;358;0;7.1;4.18719;59.448
12336942;311000038;2019-02-02 08:16:49;7.2;353.0;359;0;10.7;4.18718;59.4482
12336943;311000038;2019-02-02 08:16:52;7.3;0.3;359;0;7.1;4.18718;59.4483
12336944;311000038;2019-02-02 08:16:58;7.0;357.5;359;0;3.6;4.18721;59.4484
12336945;311000038;2019-02-02 08:17:01;7.4;357.0;359;0;14.3;4.18719;59.4486
12336946;311000038;2019-02-02 08:17:05;6.9;5.4;359;0;5.3;4.1872;59.4487
12336947;311000038;2019-02-02 08:17:08;6.9;1.3;359;0;7.1;4.18721;59.4488
12336948;311000038;2019-02-02 08:17:12;7.4;356.0;359;0;5.3;4.18719;59.4489
12336949;311000038;2019-02-02 08:17:15;6.9;3.6;359;0;7.1;4.18719;59.449
12336950;311000038;2019-02-02 08:17:17;7.1;2.0;359;0;10.7;4.1872;59.4491
12336951;311000038;2019-02-02 08:17:21;7.2;357.2;359;0;5.3;4.1872;59.4492
12336952;311000038;2019-02-02 08:17:24;7.0;0.1;359;0;7.1;4.18719;59.4493
12336953;311000038;2019-02-02 08:17:28;7.1;2.5;359;0;10.7;4.1872;59.4495
12336954;311000038;2019-02-02 08:17:32;7.1;358.0;359;0;5.3;4.1872;59.4496
12336955;311000038;2019-02-02 08:17:35;7.1;359.2;359;0;7.1;4.18719;59.4497
12336956;311000038;2019-02-02 08:17:39;7.1;2.6;359;0;5.3;4.18719;59.4498
12336957;311000038;2019-02-02 08:17:42;7.2;0.0;359;0;7.1;4.1872;59.4499
12336958;311000038;2019-02-02 08:17:48;7.2;2.4;359;0;7.1;4.18719;59.4501
12336959;311000038;2019-02-02 08:17:59;7.2;1.4;359;0;5.8;4.1872;59.4504
12336960;311000038;2019-02-02 08:18:07;7.0;0.9;359;0;10.7;4.1872;59.4508
12336961;311000038;2019-02-02 08:18:18;7.0;359.8;359;0;5.8;4.18721;59.4511
12336962;311000038;2019-02-02 08:18:29;7.2;0.2;359;0;7.8;4.18722;59.4515
12336963;311000038;2019-02-02 08:18:37;7.3;359.8;359;0;8.0;4.18722;59.4518
12336964;311000038;2019-02-02 08:18:49;7.1;0.4;359;0;5.3;4.18721;59.4521
12336965;311000038;2019-02-02 08:18:58;7.0;358.5;359;0;7.1;4.18721;59.4524
12336966;311000038;2019-02-02 08:19:08;6.9;358.5;359;0;8.6;4.1872;59.4528
12336967;311000038;2019-02-02 08:19:17;7.0;357.5;359;0;7.1;4.1872;59.4531
12336968;311000038;2019-02-02 08:19:24;7.2;356.5;359;0;6.1;4.18722;59.4533
12336969;311000038;2019-02-02 08:19:28;6.9;358.5;359;0;10.7;4.1872;59.4535
12336970;311000038;2019-02-02 08:19:31;7.3;3.3;359;0;7.1;4.18721;59.4536
12336971;311000038;2019-02-02 08:19:35;7.4;0.5;359;0;5.3;4.18722;59.4537
12336972;311000038;2019-02-02 08:19:38;6.8;356.0;359;0;7.1;4.18721;59.4538
12336973;311000038;2019-02-02 08:19:42;7.3;1.9;359;0;5.3;4.18719;59.4539
12336974;311000038;2019-02-02 08:19:44;7.3;2.3;359;0;10.7;4.18721;59.454
12336975;311000038;2019-02-02 08:19:48;7.1;356.0;359;0;5.3;4.1872;59.4541
12336976;311000038;2019-02-02 08:19:51;7.2;1.3;359;0;7.1;4.18719;59.4542
12336977;311000038;2019-02-02 08:19:58;7.3;358.0;359;0;6.1;4.18721;59.4544
12336978;311000038;2019-02-02 08:20:05;7.1;5.5;359;0;6.1;4.1872;59.4546
12336979;311000038;2019-02-02 08:20:07;7.3;1.6;359;0;21.4;4.18722;59.4548
12336980;311000038;2019-02-02 08:20:14;7.1;3.1;359;0;6.1;4.1872;59.455
12336981;311000038;2019-02-02 08:20:18;7.3;5.2;359;0;5.3;4.18722;59.4551
12336982;311000038;2019-02-02 08:20:22;7.1;355.5;359;0;5.3;4.18722;59.4552
12336983;311000038;2019-02-02 08:20:29;7.1;6.5;359;0;9.2;4.18722;59.4555
12336984;311000038;2019-02-02 08:20:32;7.1;359.2;359;0;7.1;4.18723;59.4556
12336985;311000038;2019-02-02 08:20:34;7.3;354.5;359;0;10.7;4.18722;59.4557
12336986;311000038;2019-02-02 08:20:37;7.1;0.1;359;0;7.1;4.18721;59.4558
12336987;311000038;2019-02-02 08:20:41;7.1;4.7;359;0;5.3;4.18723;59.4559
12336988;311000038;2019-02-02 08:20:45;7.4;355.5;359;0;5.3;4.18723;59.456
12336989;311000038;2019-02-02 08:20:49;6.9;358.8;359;0;5.3;4.1872;59.4561
12336990;311000038;2019-02-02 08:20:52;7.2;5.2;359;0;7.1;4.18721;59.4562
12336991;311000038;2019-02-02 08:20:55;7.4;358.2;359;0;7.1;4.18722;59.4563
12336992;311000038;2019-02-02 08:20:59;7.0;354.0;359;0;5.3;4.18721;59.4564
12336993;311000038;2019-02-02 08:21:01;7.2;4.0;359;0;10.7;4.1872;59.4565
12336994;311000038;2019-02-02 08:21:04;7.2;0.6;359;0;7.1;4.18721;59.4566
12336995;311000038;2019-02-02 08:21:08;7.2;353.2;359;0;5.3;4.1872;59.4567
12336996;311000038;2019-02-02 08:21:12;7.1;4.9;359;0;10.7;4.18719;59.4569
12336997;311000038;2019-02-02 08:21:15;7.4;1.5;359;0;7.1;4.18721;59.457
12336998;311000038;2019-02-02 08:21:17;7.1;353.2;359;0;10.7;4.1872;59.4571
12336999;311000038;2019-02-02 08:21:22;7.2;4.9;359;0;4.3;4.18719;59.4572
12337000;311000038;2019-02-02 08:21:24;7.3;2.8;359;0;10.7;4.18721;59.4573
12337001;311000038;2019-02-02 08:21:28;7.0;354.8;359;0;5.3;4.18719;59.4574
12337002;311000038;2019-02-02 08:21:31;7.4;1.8;359;0;7.1;4.18719;59.4575
12337003;311000038;2019-02-02 08:21:35;7.1;2.4;359;0;5.3;4.1872;59.4576
12337004;311000038;2019-02-02 08:21:38;7.0;358.5;359;0;7.1;4.1872;59.4577
12337005;311000038;2019-02-02 08:21:42;7.3;358.5;359;0;10.7;4.18719;59.4579
12337006;311000038;2019-02-02 08:21:44;6.9;2.8;359;0;10.7;4.1872;59.458
12337007;311000038;2019-02-02 08:21:49;7.4;0.0;359;0;4.3;4.18721;59.4581
12337008;311000038;2019-02-02 08:21:51;7.1;357.0;359;0;10.7;4.18721;59.4582
12337009;311000038;2019-02-02 08:21:54;6.9;359.8;359;0;7.1;4.1872;59.4583
12337010;311000038;2019-02-02 08:21:58;7.4;4.2;359;0;5.3;4.1872;59.4584
12337011;311000038;2019-02-02 08:22:02;7.0;356.5;359;0;5.3;4.1872;59.4585
12337012;311000038;2019-02-02 08:22:07;7.5;2.9;359;0;8.6;4.18719;59.4587
12337013;311000038;2019-02-02 08:22:11;6.8;359.5;359;0;10.7;4.18719;59.4589
12337014;311000038;2019-02-02 08:22:14;7.1;358.0;359;0;7.1;4.18719;59.459
12337015;311000038;2019-02-02 08:22:17;7.4;358.8;359;0;7.1;4.18719;59.4591
12337016;311000038;2019-02-02 08:22:21;6.9;1.8;359;0;5.3;4.1872;59.4592
12337017;311000038;2019-02-02 08:22:25;7.1;1.0;359;0;5.3;4.1872;59.4593
12337018;311000038;2019-02-02 08:22:32;7.1;359.5;359;0;6.1;4.18718;59.4595
12337019;311000038;2019-02-02 08:22:34;7.0;2.7;359;0;10.7;4.18719;59.4596
12337020;311000038;2019-02-02 08:22:37;7.3;0.0;359;0;7.1;4.18719;59.4597
12337021;311000038;2019-02-02 08:22:41;7.0;357.0;359;0;10.7;4.18718;59.4599
12337022;311000038;2019-02-02 08:22:44;7.1;359.5;359;0;7.1;4.18717;59.46
12337023;311000038;2019-02-02 08:22:48;7.3;2.1;359;0;5.3;4.18718;59.4601
12337024;311000038;2019-02-02 08:22:52;6.9;357.5;359;0;5.3;4.18719;59.4602
12337025;311000038;2019-02-02 08:22:55;7.1;357.2;359;0;7.1;4.18717;59.4603
12337026;311000038;2019-02-02 08:22:59;7.3;0.3;359;0;5.3;4.18717;59.4604
12337027;311000038;2019-02-02 08:23:01;6.9;0.4;359;0;10.7;4.18717;59.4605
12337028;311000038;2019-02-02 08:23:04;7.2;356.2;359;0;7.1;4.18716;59.4606
12337029;311000038;2019-02-02 08:23:07;7.3;357.8;359;0;7.1;4.18715;59.4607
12337030;311000038;2019-02-02 08:23:15;7.3;357.5;359;0;8.0;4.18715;59.461
12337031;311000038;2019-02-02 08:23:18;7.1;356.5;359;0;7.1;4.18714;59.4611
12337032;311000038;2019-02-02 08:23:22;7.2;0.9;359;0;5.3;4.18714;59.4612
12337033;311000038;2019-02-02 08:23:24;7.1;359.5;359;0;10.7;4.18714;59.4613
12337034;311000038;2019-02-02 08:23:28;7.1;356.0;359;0;5.3;4.18712;59.4614
12337035;311000038;2019-02-02 08:23:38;7.0;355.2;359;0;6.4;4.18711;59.4617
12337036;311000038;2019-02-02 08:23:49;7.1;356.0;359;0;7.8;4.1871;59.4621
12337037;311000038;2019-02-02 08:23:58;7.0;354.8;359;0;7.1;4.18709;59.4624
12337038;311000038;2019-02-02 08:24:08;7.0;353.2;359;0;6.4;4.18706;59.4627
12337039;311000038;2019-02-02 08:24:17;7.0;352.0;359;0;7.1;4.18704;59.463
12337040;311000038;2019-02-02 08:24:21;7.2;3.0;359;0;10.7;4.18702;59.4632
12337041;311000038;2019-02-02 08:24:25;7.1;358.5;359;0;5.3;4.18703;59.4633
12337042;311000038;2019-02-02 08:24:29;7.0;353.8;359;0;5.3;4.18701;59.4634
12337043;311000038;2019-02-02 08:24:32;7.1;3.4;359;0;7.1;4.187;59.4635
12337044;311000038;2019-02-02 08:24:35;7.2;358.8;359;0;7.1;4.18701;59.4636
12337045;311000038;2019-02-02 08:24:39;7.1;351.8;359;0;5.3;4.18698;59.4637
12337046;311000038;2019-02-02 08:24:41;7.1;2.6;359;0;10.7;4.18696;59.4638
12337047;311000038;2019-02-02 08:24:44;7.2;0.2;359;0;7.1;4.18697;59.4639
12337048;311000038;2019-02-02 08:24:48;7.2;352.5;0;0;5.3;4.18695;59.464
12337049;311000038;2019-02-02 08:24:52;7.1;359.5;359;0;10.7;4.18693;59.4642
12337050;311000038;2019-02-02 08:24:55;7.2;3.6;359;0;7.1;4.18694;59.4643
12337051;311000038;2019-02-02 08:24:58;7.1;356.0;359;0;7.1;4.18695;59.4644
12337052;311000038;2019-02-02 08:25:02;7.2;354.2;0;0;5.3;4.18691;59.4645
12337053;311000038;2019-02-02 08:25:04;7.1;4.6;359;0;10.7;4.18692;59.4646
12337054;311000038;2019-02-02 08:25:07;7.2;0.1;359;0;7.1;4.18693;59.4647
12337055;311000038;2019-02-02 08:25:11;7.1;352.2;0;0;5.3;4.18689;59.4648
12337056;311000038;2019-02-02 08:25:15;7.0;1.0;359;0;5.3;4.18688;59.4649
12337057;311000038;2019-02-02 08:25:18;7.4;3.6;359;0;7.1;4.18689;59.465
12337058;311000038;2019-02-02 08:25:25;7.1;359.0;359;0;6.1;4.18686;59.4652
12337059;311000038;2019-02-02 08:25:29;7.3;0.9;359;0;10.7;4.18688;59.4654
12337060;311000038;2019-02-02 08:25:31;6.9;352.5;359;0;10.7;4.18687;59.4655
12337061;311000038;2019-02-02 08:25:34;7.2;359.5;359;0;7.1;4.18685;59.4656
12337062;311000038;2019-02-02 08:25:38;7.3;2.0;359;0;5.3;4.18685;59.4657
12337063;311000038;2019-02-02 08:25:42;7.0;355.5;359;0;5.3;4.18686;59.4658
12337064;311000038;2019-02-02 08:25:47;7.3;2.3;359;0;8.6;4.18683;59.466
12337065;311000038;2019-02-02 08:25:52;7.0;357.5;359;0;4.3;4.18683;59.4661
12337066;311000038;2019-02-02 08:25:57;7.3;359.5;359;0;8.6;4.1868;59.4663
12337067;311000038;2019-02-02 08:26:05;7.2;354.2;359;0;8.0;4.1868;59.4666
12337068;311000038;2019-02-02 08:26:08;7.3;356.5;359;0;7.1;4.18679;59.4667
12337069;311000038;2019-02-02 08:26:12;7.0;1.0;359;0;5.3;4.18679;59.4668
12337070;311000038;2019-02-02 08:26:15;7.2;357.8;359;0;7.1;4.18679;59.4669
12337071;311000038;2019-02-02 08:26:17;7.4;357.2;359;0;10.7;4.18678;59.467
12337072;311000038;2019-02-02 08:26:21;6.9;358.2;359;0;5.3;4.18677;59.4671
12337073;311000038;2019-02-02 08:26:25;7.3;0.1;359;0;5.3;4.18677;59.4672
12337074;311000038;2019-02-02 08:26:28;7.1;357.8;359;0;14.3;4.18677;59.4674
12337075;311000038;2019-02-02 08:26:32;6.9;356.5;359;0;5.3;4.18675;59.4675
12337076;311000038;2019-02-02 08:26:35;7.5;360.0;359;0;7.1;4.18675;59.4676
12337077;311000038;2019-02-02 08:26:39;7.1;359.2;359;0;5.3;4.18674;59.4677
12337078;311000038;2019-02-02 08:26:42;7.0;357.8;359;0;7.1;4.18673;59.4678
12337079;311000038;2019-02-02 08:26:48;7.0;357.5;359;0;7.1;4.18672;59.468
12337080;311000038;2019-02-02 08:26:58;7.0;357.5;359;0;6.4;4.18671;59.4683
12337081;311000038;2019-02-02 08:27:07;7.0;359.5;359;0;9.5;4.18671;59.4687
12337082;311000038;2019-02-02 08:27:18;7.0;0.6;359;0;5.8;4.18669;59.469
12337083;311000038;2019-02-02 08:27:25;7.2;355.0;359;0;6.1;4.18668;59.4692
12337084;311000038;2019-02-02 08:27:29;7.0;0.4;359;0;10.7;4.18668;59.4694
12337085;311000038;2019-02-02 08:27:31;7.3;360.0;359;0;10.7;4.18668;59.4695
12337086;311000038;2019-02-02 08:27:34;7.1;357.8;359;0;7.1;4.18668;59.4696
12337087;311000038;2019-02-02 08:27:38;7.0;357.0;359;0;5.3;4.18666;59.4697
12337088;311000038;2019-02-02 08:27:41;7.2;0.2;359;0;7.1;4.18665;59.4698
12337089;311000038;2019-02-02 08:27:45;7.2;359.0;359;0;5.3;4.18665;59.4699
12337090;311000038;2019-02-02 08:27:48;6.9;356.5;359;0;7.1;4.18664;59.47
12337091;311000038;2019-02-02 08:27:52;7.3;359.0;359;0;5.3;4.18663;59.4701
12337092;311000038;2019-02-02 08:27:57;6.9;357.2;359;0;8.6;4.18663;59.4703
12337093;311000038;2019-02-02 08:28:04;7.2;2.3;359;0;9.2;4.18661;59.4706
12337094;311000038;2019-02-02 08:28:08;6.8;358.5;359;0;5.3;4.18661;59.4707
12337095;311000038;2019-02-02 08:28:12;7.4;357.0;359;0;5.3;4.1866;59.4708
12337096;311000038;2019-02-02 08:28:17;7.0;359.2;359;0;8.6;4.1866;59.471
12337097;311000038;2019-02-02 08:28:21;7.2;359.2;359;0;5.3;4.1866;59.4711
12337098;311000038;2019-02-02 08:28:24;7.1;357.8;359;0;7.1;4.18659;59.4712
12337099;311000038;2019-02-02 08:28:28;7.0;359.5;359;0;10.7;4.18659;59.4714
12337100;311000038;2019-02-02 08:28:31;7.1;358.2;359;0;7.1;4.1866;59.4715
12337101;311000038;2019-02-02 08:28:39;7.1;359.5;359;0;5.3;4.18659;59.4717
12337102;311000038;2019-02-02 08:28:47;7.1;1.0;359;0;8.0;4.18657;59.472
12337103;311000038;2019-02-02 08:28:51;7.1;356.2;359;0;5.3;4.18655;59.4721
12337104;311000038;2019-02-02 08:28:54;7.3;358.5;359;0;7.1;4.18654;59.4722
12337105;311000038;2019-02-02 08:28:58;7.1;0.3;359;0;5.3;4.18654;59.4723
12337106;311000038;2019-02-02 08:29:02;7.1;358.0;359;0;5.3;4.18654;59.4724
12337107;311000038;2019-02-02 08:29:05;7.2;357.2;359;0;7.1;4.18652;59.4725
12337108;311000038;2019-02-02 08:29:07;7.1;358.8;359;0;10.7;4.18652;59.4726
12337109;311000038;2019-02-02 08:29:11;7.1;359.8;359;0;10.7;4.18652;59.4728
12337110;311000038;2019-02-02 08:29:18;7.3;356.8;359;0;6.1;4.18651;59.473
12337111;311000038;2019-02-02 08:29:25;7.1;3.5;359;0;6.1;4.1865;59.4732
12337112;311000038;2019-02-02 08:29:28;7.3;357.0;359;0;7.1;4.18651;59.4733
12337113;311000038;2019-02-02 08:29:32;7.0;355.0;359;0;5.3;4.18648;59.4734
12337114;311000038;2019-02-02 08:29:34;7.2;7.7;359;0;10.7;4.1865;59.4735
12337115;311000038;2019-02-02 08:29:38;7.2;355.2;359;0;10.7;4.18652;59.4737
12337116;311000038;2019-02-02 08:29:41;7.2;350.0;359;0;7.1;4.18648;59.4738
12337117;311000038;2019-02-02 08:29:45;7.2;5.1;359;0;5.3;4.18647;59.4739
12337118;311000038;2019-02-02 08:29:48;7.2;6.5;359;0;7.1;4.1865;59.474
12337119;311000038;2019-02-02 08:29:52;7.2;349.2;359;0;5.3;4.18648;59.4741
12337120;311000038;2019-02-02 08:29:55;7.2;358.0;359;0;7.1;4.18646;59.4742
12337121;311000038;2019-02-02 08:29:57;7.2;9.5;358;0;10.7;4.18648;59.4743
12337122;311000038;2019-02-02 08:30:01;7.2;352.8;359;0;5.3;4.18648;59.4744
12337123;311000038;2019-02-02 08:30:04;7.4;352.5;359;0;7.1;4.18645;59.4745
12337124;311000038;2019-02-02 08:30:08;7.0;5.8;358;0;5.3;4.18645;59.4746
12337125;311000038;2019-02-02 08:30:12;7.3;359.8;358;0;10.7;4.18647;59.4748
12337126;311000038;2019-02-02 08:30:15;7.3;349.8;359;0;7.1;4.18645;59.4749
12337127;311000038;2019-02-02 08:30:19;7.0;2.7;358;0;5.3;4.18643;59.475
12337128;311000038;2019-02-02 08:30:22;7.3;5.9;358;0;7.1;4.18645;59.4751
12337129;311000038;2019-02-02 08:30:24;7.2;351.8;359;0;10.7;4.18645;59.4752
12337130;311000038;2019-02-02 08:30:27;7.1;351.5;359;0;7.1;4.18641;59.4753
12337131;311000038;2019-02-02 08:30:31;7.2;5.8;358;0;5.3;4.18642;59.4754
12337132;311000038;2019-02-02 08:30:35;7.2;358.5;358;0;5.3;4.18643;59.4755
12337133;311000038;2019-02-02 08:30:39;7.2;349.0;359;0;10.7;4.18638;59.4757
12337134;311000038;2019-02-02 08:30:45;7.3;3.9;359;0;14.3;4.18639;59.4759
12337135;311000038;2019-02-02 08:30:47;7.1;351.0;359;0;10.7;4.18639;59.476
12337136;311000038;2019-02-02 08:30:51;7.1;357.8;359;0;5.3;4.18635;59.4761
12337137;311000038;2019-02-02 08:30:55;7.4;5.4;359;0;5.3;4.18636;59.4762
12337138;311000038;2019-02-02 08:30:58;7.0;355.8;359;0;7.1;4.18637;59.4763
12337139;311000038;2019-02-02 08:31:02;7.3;354.8;0;0;5.3;4.18633;59.4764
12337140;311000038;2019-02-02 08:31:05;7.3;5.2;359;0;7.1;4.18633;59.4765
12337141;311000038;2019-02-02 08:31:07;6.9;359.5;359;0;10.7;4.18634;59.4766
12337142;311000038;2019-02-02 08:31:12;7.4;353.5;0;0;8.6;4.18632;59.4768
12337143;311000038;2019-02-02 08:31:14;7.1;4.2;359;0;10.7;4.18631;59.4769
12337144;311000038;2019-02-02 08:31:18;7.2;359.8;359;0;5.3;4.18634;59.477
12337145;311000038;2019-02-02 08:31:21;7.2;355.0;359;0;7.1;4.18632;59.4771
12337146;311000038;2019-02-02 08:31:25;7.0;357.8;359;0;5.3;4.18631;59.4772
12337147;311000038;2019-02-02 08:31:28;7.4;5.9;359;0;7.1;4.18631;59.4773
12337148;311000038;2019-02-02 08:31:32;6.9;355.8;359;0;5.3;4.18633;59.4774
12337149;311000038;2019-02-02 08:31:34;7.1;355.2;359;0;10.7;4.18631;59.4775
12337150;311000038;2019-02-02 08:31:39;7.3;4.1;359;0;4.3;4.18631;59.4776
12337151;311000038;2019-02-02 08:31:41;7.0;358.8;359;0;10.7;4.18632;59.4777
12337152;311000038;2019-02-02 08:31:45;7.1;355.0;359;0;5.3;4.18631;59.4778
12337153;311000038;2019-02-02 08:31:48;7.1;359.5;359;0;7.1;4.1863;59.4779
12337154;311000038;2019-02-02 08:31:52;7.2;0.2;359;0;10.7;4.18631;59.4781
12337155;311000038;2019-02-02 08:31:57;7.0;0.6;359;0;8.6;4.18627;59.4783
12337156;311000038;2019-02-02 08:32:01;7.3;1.7;359;0;5.3;4.1863;59.4784
12337157;311000038;2019-02-02 08:32:04;7.1;349.5;359;0;7.1;4.18628;59.4785
12337158;311000038;2019-02-02 08:32:08;7.0;357.2;359;0;5.3;4.18625;59.4786
12337159;311000038;2019-02-02 08:32:11;7.4;6.7;358;0;7.1;4.18626;59.4787
12337160;311000038;2019-02-02 08:32:15;7.0;352.8;359;0;10.7;4.18627;59.4789
12337161;311000038;2019-02-02 08:32:19;7.3;354.0;359;0;5.3;4.18621;59.479
12337162;311000038;2019-02-02 08:32:22;7.4;8.7;359;0;7.1;4.18622;59.4791
12337163;311000038;2019-02-02 08:32:35;7.0;7.4;359;0;6.6;4.18622;59.4795
12337164;311000038;2019-02-02 08:32:38;7.4;352.2;359;0;7.1;4.18622;59.4796
12337165;311000038;2019-02-02 08:32:42;7.0;353.2;359;0;5.3;4.18619;59.4797
12337166;311000038;2019-02-02 08:32:46;7.2;7.3;359;0;5.3;4.18619;59.4798
12337167;311000038;2019-02-02 08:32:47;7.4;2.8;358;0;21.4;4.18622;59.4799
12337168;311000038;2019-02-02 08:32:51;7.0;349.5;359;0;10.7;4.1862;59.4801
12337169;311000038;2019-02-02 08:32:54;7.2;0.5;359;0;7.1;4.18617;59.4802
12337170;311000038;2019-02-02 08:32:58;7.3;6.3;359;0;5.3;4.1862;59.4803
12337171;311000038;2019-02-02 08:33:02;7.1;349.2;359;0;5.3;4.18619;59.4804
12337172;311000038;2019-02-02 08:33:05;7.1;357.0;359;0;7.1;4.18616;59.4805
12337173;311000038;2019-02-02 08:33:08;7.2;7.1;359;0;7.1;4.18617;59.4806
12337174;311000038;2019-02-02 08:33:12;7.3;352.0;359;0;5.3;4.18617;59.4807
12337175;311000038;2019-02-02 08:33:14;7.0;356.2;359;0;10.7;4.18615;59.4808
12337176;311000038;2019-02-02 08:33:18;7.2;3.3;359;0;10.7;4.18615;59.481
12337177;311000038;2019-02-02 08:33:21;7.3;355.2;359;0;7.1;4.18615;59.4811
12337178;311000038;2019-02-02 08:33:25;6.9;356.5;359;0;5.3;4.18613;59.4812
12337179;311000038;2019-02-02 08:33:28;7.0;1.6;359;0;7.1;4.18613;59.4813
12337180;311000038;2019-02-02 08:33:32;7.3;358.5;359;0;5.3;4.18613;59.4814
12337181;311000038;2019-02-02 08:33:35;6.9;358.5;359;0;7.1;4.18612;59.4815
12337182;311000038;2019-02-02 08:33:39;7.2;357.8;0;0;5.3;4.18611;59.4816
12337183;311000038;2019-02-02 08:33:41;7.3;359.8;359;0;10.7;4.18611;59.4817
12337184;311000038;2019-02-02 08:33:44;6.8;0.7;359;0;7.1;4.18611;59.4818
12337185;311000038;2019-02-02 08:33:48;7.1;359.0;359;0;5.3;4.18611;59.4819
12337186;311000038;2019-02-02 08:33:52;7.2;356.0;0;0;10.7;4.1861;59.4821
12337187;311000038;2019-02-02 08:33:56;6.9;2.7;359;0;5.3;4.1861;59.4822
12337188;311000038;2019-02-02 08:33:58;7.2;4.4;359;0;10.7;4.18612;59.4823
12337189;311000038;2019-02-02 08:34:02;7.2;352.5;0;0;5.3;4.1861;59.4824
12337190;311000038;2019-02-02 08:34:06;6.9;2.3;359;0;5.3;4.1861;59.4825
12337191;311000038;2019-02-02 08:34:07;7.2;6.0;359;0;21.4;4.18612;59.4826
12337192;311000038;2019-02-02 08:34:11;7.2;353.5;359;0;5.3;4.18611;59.4827
12337193;311000038;2019-02-02 08:34:15;7.0;358.5;359;0;5.3;4.18609;59.4828
12337194;311000038;2019-02-02 08:34:19;7.2;4.4;359;0;10.7;4.18611;59.483
12337195;311000038;2019-02-02 08:34:22;7.1;356.5;359;0;7.1;4.18611;59.4831
12337196;311000038;2019-02-02 08:34:27;7.0;4.6;359;0;4.3;4.18609;59.4832
12337197;311000038;2019-02-02 08:34:31;7.2;358.5;359;0;10.7;4.1861;59.4834
12337198;311000038;2019-02-02 08:34:34;7.2;354.5;359;0;7.1;4.18609;59.4835
12337199;311000038;2019-02-02 08:34:38;7.0;5.0;359;0;5.3;4.18608;59.4836
12337200;311000038;2019-02-02 08:34:42;7.3;1.5;359;0;5.3;4.1861;59.4837
12337201;311000038;2019-02-02 08:34:45;7.2;351.8;359;0;7.1;4.18608;59.4838
12337202;311000038;2019-02-02 08:34:47;7.1;2.6;359;0;10.7;4.18607;59.4839
12337203;311000038;2019-02-02 08:34:52;7.2;0.6;359;0;4.3;4.1861;59.484
12337204;311000038;2019-02-02 08:34:54;7.1;353.0;359;0;10.7;4.18608;59.4841
12337205;311000038;2019-02-02 08:34:57;7.1;1.1;359;0;7.1;4.18607;59.4842
12337206;311000038;2019-02-02 08:35:01;7.2;0.5;359;0;10.7;4.18609;59.4844
12337207;311000038;2019-02-02 08:35:05;7.0;354.8;359;0;5.3;4.18607;59.4845
12337208;311000038;2019-02-02 08:35:08;7.3;359.0;359;0;7.1;4.18605;59.4846
12337209;311000038;2019-02-02 08:35:12;7.0;1.4;359;0;5.3;4.18606;59.4847
12337210;311000038;2019-02-02 08:35:14;7.3;356.2;359;0;10.7;4.18606;59.4848
12337211;311000038;2019-02-02 08:35:19;7.0;0.3;359;0;4.3;4.18604;59.4849
12337212;311000038;2019-02-02 08:35:21;7.0;0.2;359;0;10.7;4.18605;59.485
12337213;311000038;2019-02-02 08:35:25;7.3;358.2;359;0;5.3;4.18605;59.4851
12337214;311000038;2019-02-02 08:35:28;7.2;359.2;359;0;7.1;4.18605;59.4852
12337215;311000038;2019-02-02 08:35:32;6.9;359.5;359;0;10.7;4.18604;59.4854
12337216;311000038;2019-02-02 08:35:35;7.4;360.0;359;0;7.1;4.18604;59.4855
