mmsi,time,traj_id,x,y,prob
257029700,120,0,6557.36,2474.96,0.252723
257029700,120,0,6763.87,2809.33,0.252723
257029700,120,0,6970.38,3143.7,0.252723
257029700,120,1,6486.81,2509.33,0.249426
257029700,120,1,6658.91,2862.64,0.249426
257029700,120,1,6848.45,3206.91,0.249426
257029700,120,2,6619.67,2427.27,0.249712
257029700,120,2,6858.53,2739.35,0.249712
257029700,120,2,7081.5,3062.98,0.249712
257029700,120,3,6410.85,2528.99,0.122911
257029700,120,3,6546.81,2897.72,0.122911
257029700,120,3,6718.91,3251.03,0.122911
257029700,120,4,6671.27,2368.15,0.00606167
257029700,120,4,6940.09,2654.83,0.00606167
257029700,120,4,7178.95,2966.91,0.00606167
257029700,120,5,6332.49,2533.17,0.116775
257029700,120,5,6430.97,2913.63,0.116775
257029700,120,5,6585.19,3275.1,0.116775
257029700,120,6,6710.09,2299.96,0.00239154
257029700,120,6,7006.19,2558.36,0.00239154
257029700,120,6,7260.35,2858.12,0.00239154
257060530,120,0,4059.62,588.26,0.131406
257060530,120,0,4708.73,1082.75,0.131406
257060530,120,0,5357.84,1577.23,0.131406
257060530,120,1,3948.44,707.361,0.159169
257060530,120,1,4544.94,1264.18,0.159169
257060530,120,1,5168.52,1790.49,0.159169
257060530,120,2,4144.92,449.446,0.151665
257060530,120,2,4840.15,876.66,0.151665
257060530,120,2,5513.16,1338.09,0.151665
257060530,120,3,3815.82,802,0.123172
257060530,120,3,4353.75,1415.59,0.123172
257060530,120,3,4950.25,1972.41,0.123172
257060530,120,4,4200.95,296.452,0.0558867
257060530,120,4,4935.35,652.124,0.0558867
257060530,120,4,5630.58,1079.34,0.0558867
257060530,120,5,3667.04,868.404,0.141013
257060530,120,5,4141.02,1532.63,0.141013
257060530,120,5,4708.95,2118.56,0.141013
257060530,120,6,4225.46,135.378,0.237687
257060530,120,6,4991.7,415.955,0.237687
257060530,120,6,5707.41,807.888,0.237687
257029700,180,0,6774.95,2811.22,0.240604
257029700,180,0,6981.04,3142.32,0.240604
257029700,180,0,7187.14,3473.42,0.240604
257029700,180,1,6705.07,2845.56,0.238233
257029700,180,1,6877.07,3195.58,0.238233
257029700,180,1,7066.36,3536.57,0.238233
257029700,180,2,6836.63,2763.68,0.238721
257029700,180,2,7074.74,3072.55,0.238721
257029700,180,2,7297.12,3392.93,0.238721
257029700,180,3,6629.75,2865.34,0.125492
257029700,180,3,6765.95,3230.78,0.125492
257029700,180,3,6937.96,3580.8,0.125492
257029700,180,4,6887.62,2704.83,0.0211848
257029700,180,4,7155.38,2988.38,0.0211848
257029700,180,4,7393.5,3297.25,0.0211848
257029700,180,5,6552,2869.76,0.118697
257029700,180,5,6651.04,3246.97,0.118697
257029700,180,5,6805.34,3605.15,0.118697
257029700,180,6,6925.91,2637.02,0.0170681
257029700,180,6,7220.64,2892.43,0.0170681
257029700,180,6,7473.9,3189.01,0.0170681
257060530,180,0,4796.09,1040.81,0.121528
257060530,180,0,5468.61,1513.47,0.121528
257060530,180,0,6141.13,1986.12,0.121528
257060530,180,1,4688.78,1165,0.12441
257060530,180,1,5310.75,1702.43,0.12441
257060530,180,1,5958.81,2208.11,0.12441
257060530,180,2,4876.58,897.783,0.144853
257060530,180,2,5592.93,1300.94,0.144853
257060530,180,2,6288.23,1739.39,0.144853
257060530,180,3,4558.94,1265.39,0.0791243
257060530,180,3,5124.15,1862.24,0.0791243
257060530,180,3,5746.12,2399.67,0.0791243
257060530,180,4,4927.06,741.612,0.215349
257060530,180,4,5680.08,1071.24,0.215349
257060530,180,4,6396.42,1474.39,0.215349
257060530,180,5,4411.74,1337.99,0.110102
257060530,180,5,4914.54,1988.28,0.110102
257060530,180,5,5508.88,2556.12,0.110102
257060530,180,6,4945.5,578.525,0.204634
257060530,180,6,5727.66,831.326,0.204634
257060530,180,6,6463.26,1198.17,0.204634
257029700,240,0,7096.05,3018.14,0.122615
257029700,240,0,7361.76,3256.56,0.122615
257029700,240,0,7627.48,3494.97,0.122615
257029700,240,1,7043.38,3066.18,0.197736
257029700,240,1,7283.97,3329.93,0.197736
257029700,240,1,7537.44,3581.33,0.197736
257029700,240,2,7138.11,2960.6,0.158275
257029700,240,2,7426.31,3171.3,0.158275
257029700,240,2,7703.61,3396.13,0.158275
257029700,240,3,6982.23,3102.8,0.197897
257029700,240,3,7195.28,3389.25,0.197897
257029700,240,3,7435.87,3653,0.197897
257029700,240,4,7167.91,2895.84,0.0767713
257029700,240,4,7475.7,3076.72,0.0767713
257029700,240,4,7763.9,3287.42,0.0767713
257029700,240,5,6915.01,3126.53,0.169161
257029700,240,5,7098.41,3432.83,0.169161
257029700,240,5,7325.52,3708.28,0.169161
257029700,240,6,7184.25,2826.46,0.0775441
257029700,240,6,7508.56,2975.7,0.0775441
257029700,240,6,7806.93,3171.73,0.0775441
257060530,240,0,5516.29,1534.32,0.126652
257060530,240,0,6205.03,2025.59,0.126652
257060530,240,0,6893.77,2516.87,0.126652
257060530,240,1,5404.96,1661.35,0.113443
257060530,240,1,6041.21,2218.93,0.113443
257060530,240,1,6704.54,2744.02,0.113443
257060530,240,2,5600.16,1387.69,0.139001
257060530,240,2,6334.51,1807.75,0.139001
257060530,240,2,7046.94,2263.99,0.139001
257060530,240,3,5270.61,1763.74,0.0639147
257060530,240,3,5848.02,2382.06,0.0639147
257060530,240,3,6484.27,2939.64,0.0639147
257060530,240,4,5653.23,1227.33,0.24309
257060530,240,4,6425.84,1571.98,0.24309
257060530,240,4,7160.19,1992.04,0.24309
257060530,240,5,5118.59,1837.4,0.0828664
257060530,240,5,5631.39,2510.27,0.0828664
257060530,240,5,6238.99,3098.95,0.0828664
257060530,240,6,5673.38,1059.61,0.231032
257060530,240,6,6476.54,1325.41,0.231032
257060530,240,6,7230.97,1708.24,0.231032
257029700,300,0,7370.67,3187.83,0.180667
257029700,300,0,7641.46,3386.75,0.180667
257029700,300,0,7912.25,3585.66,0.180667
257029700,300,1,7325.75,3237.66,0.16671
257029700,300,1,7575.33,3462.62,0.16671
257029700,300,1,7835.84,3674.82,0.16671
257029700,300,2,7404.79,3130.07,0.144265
257029700,300,2,7694.08,3300.96,0.144265
257029700,300,2,7974.48,3486.09,0.144265
257029700,300,3,7271.83,3277.58,0.156053
257029700,300,3,7497.7,3526.33,0.156053
257029700,300,3,7747.28,3751.29,0.156053
257029700,300,4,7426.75,3066.68,0.120562
257029700,300,4,7731.66,3207.83,0.120562
257029700,300,4,8020.96,3378.72,0.120562
257029700,300,5,7211.05,3305.99,0.152859
257029700,300,5,7410.96,3576.05,0.152859
257029700,300,5,7648.99,3813.19,0.152859
257029700,300,6,7435.68,3000.19,0.0788845
257029700,300,6,7753.17,3110.2,0.0788845
257029700,300,6,8050.64,3266.41,0.0788845
257060530,300,0,6295.47,1952.12,0.184998
257060530,300,0,7026.27,2372.35,0.184998
257060530,300,0,7757.06,2792.57,0.184998
257060530,300,1,6197.42,2088.93,0.124947
257060530,300,1,6882.61,2580.02,0.124947
257060530,300,1,7591.49,3036.24,0.124947
257060530,300,2,6364.39,1798.56,0.186982
257060530,300,2,7133.49,2143.73,0.186982
257060530,300,2,7884.37,2526.9,0.186982
257060530,300,3,6074.14,2203.54,0.0233116
257060530,300,3,6706.88,2760.57,0.0233116
257060530,300,3,7392.07,3251.65,0.0233116
257060530,300,4,6401.43,1634.37,0.18364
257060530,300,4,7201.14,1901.03,0.18364
257060530,300,4,7970.24,2246.2,0.18364
257060530,300,5,5930.55,2291.36,0.121597
257060530,300,5,6504.52,2908.78,0.121597
257060530,300,5,7164.31,3433.5,0.121597
257060530,300,6,6405.11,1466.09,0.174525
257060530,300,6,7227.44,1651.58,0.174525
257060530,300,6,8012.83,1957.88,0.174525
257029700,360,0,7673.6,3416.26,0.158503
257029700,360,0,7953.92,3627.5,0.158503
257029700,360,0,8234.24,3838.73,0.158503
257029700,360,1,7626.05,3467.74,0.172322
257029700,360,1,7883.88,3705.91,0.172322
257029700,360,1,8153.29,3930.89,0.172322
257029700,360,2,7709.98,3356.36,0.135928
257029700,360,2,8009.99,3538.55,0.135928
257029700,360,2,8300.52,3735.52,0.135928
257029700,360,3,7569.21,3508.75,0.127019
257029700,360,3,7801.98,3771.47,0.127019
257029700,360,3,8059.81,4009.63,0.127019
257029700,360,4,7733.73,3290.42,0.140048
257029700,360,4,8050.43,3441.76,0.140048
257029700,360,4,8350.44,3623.95,0.140048
257029700,360,5,7505.36,3537.65,0.140518
257029700,360,5,7710.74,3822.29,0.140518
257029700,360,5,7956.35,4073.04,0.140518
257029700,360,6,7743.91,3221.08,0.125662
257029700,360,6,8074.14,3340.05,0.125662
257029700,360,6,8382.88,3507.02,0.125662
257060530,360,0,6997.35,2400.34,0.182348
257060530,360,0,7698.21,2846.83,0.182348
257060530,360,0,8399.07,3293.33,0.182348
257060530,360,1,6894.67,2530.68,0.128635
257060530,360,1,7547.46,3044.91,0.128635
257060530,360,1,8225.12,3525.88,0.128635
257060530,360,2,7072.08,2252.2,0.192513
257060530,360,2,7814.02,2626.5,0.192513
257060530,360,2,8536.31,3037.41,0.192513
257060530,360,3,6768.15,2638.02,0.0308048
257060530,360,3,7366.33,3214.85,0.0308048
257060530,360,3,8019.12,3729.09,0.0308048
257060530,360,4,7115.9,2092.17,0.186789
257060530,360,4,7891.49,2390.52,0.186789
257060530,360,4,8633.42,2764.82,0.186789
257060530,360,5,6622.82,2718.09,0.101451
257060530,360,5,7160.43,3351.76,0.101451
257060530,360,5,7786.7,3897.98,0.101451
257060530,360,6,7127.05,1926.62,0.177459
257060530,360,6,7928.55,2146.05,0.177459
257060530,360,6,8688.26,2482.8,0.177459
257029700,420,0,7958.37,3628.54,0.138219
257029700,420,0,8237.95,3840.76,0.138219
257029700,420,0,8517.53,4052.97,0.138219
257029700,420,1,7910.63,3679.86,0.203869
257029700,420,1,8167.63,3918.92,0.203869
257029700,420,1,8436.26,4144.84,0.203869
257029700,420,2,7994.95,3568.77,0.137815
257029700,420,2,8294.32,3752.01,0.137815
257029700,420,2,8584.16,3949.99,0.137815
257029700,420,3,7853.66,3720.66,0.15742
257029700,420,3,8085.5,3984.19,0.15742
257029700,420,3,8342.5,4223.26,0.15742
257029700,420,4,8018.94,3502.92,0.0993987
257029700,420,4,8335.11,3655.36,0.0993987
257029700,420,4,8634.48,3838.6,0.0993987
257029700,420,5,7789.71,3749.34,0.17336
257029700,420,5,7994.09,4034.7,0.17336
257029700,420,5,8238.82,4286.31,0.17336
257029700,420,6,8029.36,3433.61,0.0899194
257029700,420,6,8359.17,3553.73,0.0899194
257029700,420,6,8667.32,3721.78,0.0899194
257060530,420,0,7657.64,2910.94,0.170427
257060530,420,0,8327.66,3371.43,0.170427
257060530,420,0,8997.67,3831.91,0.170427
257060530,420,1,7552.8,3034.87,0.126357
257060530,420,1,8173.5,3559.95,0.126357
257060530,420,1,8819.66,4053.35,0.126357
257060530,420,2,7735.77,2768.65,0.184778
257060530,420,2,8448.41,3159.95,0.184778
257060530,420,2,9140.6,3586.37,0.184778
257060530,420,3,7425.43,3135.5,0.00450328
257060530,420,3,7990.6,3719.92,0.00450328
257060530,420,3,8611.3,4245,0.00450328
257060530,420,4,7784.07,2613.67,0.179301
257060530,420,4,8532.22,2931.87,0.179301
257060530,420,4,9244.86,3323.17,0.179301
257060530,420,5,7280.6,3208.83,0.164258
257060530,420,5,7784.61,3846.75,0.164258
257060530,420,5,8378.28,4402.19,0.164258
257060530,420,6,7800.62,2452.19,0.170376
257060530,420,6,8576.8,2694.11,0.170376
257060530,420,6,9308.1,3049.3,0.170376
257029700,480,0,8236.27,3844.28,0.155448
257029700,480,0,8511.8,4051.9,0.155448
257029700,480,0,8787.33,4259.53,0.155448
257029700,480,1,8189.53,3894.88,0.175531
257029700,480,1,8442.96,4128.97,0.175531
257029700,480,1,8707.76,4350.11,0.175531
257029700,480,2,8272.03,3785.4,0.142126
257029700,480,2,8566.91,3964.48,0.142126
257029700,480,2,8852.47,4158.08,0.142126
257029700,480,3,8133.67,3935.18,0.167437
257029700,480,3,8362.46,4193.41,0.167437
257029700,480,3,8615.88,4427.5,0.167437
257029700,480,4,8295.38,3720.59,0.137517
257029700,480,4,8606.66,3869.34,0.137517
257029700,480,4,8901.54,4048.42,0.137517
257029700,480,5,8070.91,3963.59,0.143212
257029700,480,5,8272.78,4243.36,0.143212
257029700,480,5,8514.19,4489.83,0.143212
257029700,480,6,8305.38,3652.44,0.0787287
257029700,480,6,8629.96,3769.36,0.0787287
257029700,480,6,8933.43,3933.48,0.0787287
257060530,480,0,8307.96,3430.91,0.199716
257060530,480,0,8949.91,3919.95,0.199716
257060530,480,0,9591.85,4408.98,0.199716
257060530,480,1,8198.01,3548.7,0.165025
257060530,480,1,8787.93,4099.38,0.165025
257060530,480,1,9404.63,4619.88,0.165025
257060530,480,2,8392.32,3293.63,0.197824
257060530,480,2,9079.88,3716.13,0.197824
257060530,480,2,9745.47,4172.47,0.197824
257060530,480,3,8066.85,3642.3,0.0352437
257060530,480,3,8598.84,4249.12,0.0352437
257060530,480,3,9188.76,4799.79,0.0352437
257060530,480,4,8447.72,3142.32,0.19107
257060530,480,4,9174.03,3494.07,0.19107
257060530,480,4,9861.59,3916.57,0.19107
257060530,480,5,7919.71,3707.97,0.0288058
257060530,480,5,8388.46,4364.87,0.0288058
257060530,480,5,8950.12,4944.34,0.0288058
257060530,480,6,8471.96,2983.03,0.182316
257060530,480,6,9229.76,3260.51,0.182316
257060530,480,6,9937.58,3648.12,0.182316
257029700,540,0,8535.1,4022.07,0.148669
257029700,540,0,8821.6,4208.84,0.148669
257029700,540,0,9108.1,4395.6,0.148669
257029700,540,1,8492.28,4075.27,0.147188
257029700,540,1,8758.71,4289.7,0.147188
257029700,540,1,9035.51,4490.55,0.147188
257029700,540,2,8566.49,3961.43,0.147188
257029700,540,2,8870.21,4118.66,0.147188
257029700,540,2,9165.68,4290.87,0.147188
257029700,540,3,8439.75,4118.89,0.142782
257029700,540,3,8683.44,4358.86,0.142782
257029700,540,3,8949.86,4573.29,0.142782
257029700,540,4,8585.21,3895.76,0.142802
257029700,540,4,8903.11,4021.88,0.142802
257029700,540,4,9206.82,4179.11,0.142802
257029700,540,5,8379.6,4151.22,0.135686
257029700,540,5,8598.11,4414.31,0.135686
257029700,540,5,8853.48,4641.79,0.135686
257029700,540,6,8590.51,3827.68,0.135686
257029700,540,6,8919.41,3921.44,0.135686
257029700,540,6,9230.6,4063.29,0.135686
257060530,540,0,8982.76,3918,0.149402
257060530,540,0,9630.63,4399.16,0.149402
257060530,540,0,10278.5,4880.31,0.149402
257060530,540,1,8874.26,4037.12,0.147913
257060530,540,1,9470.86,4580.55,0.147913
257060530,540,1,10093.9,5093.49,0.147913
257060530,540,2,9065.44,3779.7,0.147913
257060530,540,2,9758.11,4193.77,0.147913
257060530,540,2,10429.2,4641.94,0.147913
257060530,540,3,8744.25,4132.32,0.1415
257060530,540,3,9283.62,4732.59,0.1415
257060530,540,3,9880.22,5276.02,0.1415
257060530,540,4,9118.99,3627.73,0.143414
257060530,540,4,9849.54,3970.58,0.143414
257060530,540,4,10542.2,4384.65,0.143414
257060530,540,5,8597.92,4199.78,0.133591
257060530,540,5,9074.67,4850.9,0.133591
257060530,540,5,9643.36,5423.47,0.133591
257060530,540,6,9141.28,3468.15,0.136268
257060530,540,6,9902.41,3736.35,0.136268
257060530,540,6,10614.9,4115.28,0.136268
257029700,600,0,8837.15,4227.42,0.169983
257029700,600,0,9119.68,4420.14,0.169983
257029700,600,0,9402.2,4612.87,0.169983
257029700,600,1,8793.23,4279.7,0.177104
257029700,600,1,9055.1,4499.67,0.177104
257029700,600,1,9327.64,4706.28,0.177104
257029700,600,2,8869.81,4167.45,0.161049
257029700,600,2,9170.16,4331,0.161049
257029700,600,2,9461.97,4509.37,0.161049
257029700,600,3,8739.8,4322.22,0.172175
257029700,600,3,8978.4,4567.24,0.172175
257029700,600,3,9240.28,4787.21,0.172175
257029700,600,4,8889.9,4102.18,0.109917
257029700,600,4,9205.08,4234.94,0.109917
257029700,600,4,9505.44,4398.5,0.109917
257029700,600,5,8678.98,4353.28,0.163641
257029700,600,5,8891.94,4620.89,0.163641
257029700,600,5,9142.49,4853.67,0.163641
257029700,600,6,8896.63,4034.23,0.0461317
257029700,600,6,9223.49,4134.86,0.0461317
257029700,600,6,9531.64,4283.2,0.0461317
257060530,600,0,9668.96,4397.35,0.148728
257060530,600,0,10334.1,4859.62,0.148728
257060530,600,0,10999.2,5321.9,0.148728
257060530,600,1,9563.86,4520.27,0.147245
257060530,600,1,10179.5,5046.64,0.147245
257060530,600,1,10820.7,5541.59,0.147245
257060530,600,2,9747.54,4255.99,0.147245
257060530,600,2,10455.5,4649.56,0.147245
257060530,600,2,11142.9,5078.01,0.147245
257060530,600,3,9436.44,4619.87,0.142773
257060530,600,3,9996.47,5205.07,0.142773
257060530,600,3,10612.1,5731.44,0.142773
257060530,600,4,9796.48,4101.84,0.142741
257060530,600,4,10540.2,4422.76,0.142741
257060530,600,4,11248.1,4816.33,0.142741
257060530,600,5,9291.76,4692.16,0.135626
257060530,600,5,9790.58,5330.35,0.135626
257060530,600,5,10379.2,5886.84,0.135626
257060530,600,6,9813.81,3941.04,0.135641
257060530,600,6,10585.8,4186.11,0.135641
257060530,600,6,11312.6,4543.8,0.135641
257029700,660,0,9118.7,4415.93,0.148667
257029700,660,0,9397.91,4602.85,0.148667
257029700,660,0,9677.12,4789.76,0.148667
257029700,660,1,9076,4467.68,0.147185
257029700,660,1,9335.16,4681.53,0.147185
257029700,660,1,9604.68,4882.17,0.147185
257029700,660,2,9150.27,4356.74,0.147185
257029700,660,2,9446.75,4514.84,0.147185
257029700,660,2,9734.95,4687.57,0.147185
257029700,660,3,9023.87,4509.91,0.142799
257029700,660,3,9260.38,4748.57,0.142799
257029700,660,3,9519.54,4962.42,0.142799
257029700,660,4,9169.45,4292.45,0.142799
257029700,660,4,9480.23,4420.17,0.142799
257029700,660,4,9776.7,4578.27,0.142799
257029700,660,5,8964.39,4540.94,0.135683
257029700,660,5,9175.89,4802.02,0.135683
257029700,660,5,9424.04,5028.56,0.135683
257029700,660,6,9175.47,4225.63,0.135683
257029700,660,6,9497.45,4321.68,0.135683
257029700,660,6,9801.46,4464.78,0.135683
257060530,660,0,10333.6,4879.77,0.148726
257060530,660,0,10967.8,5333.83,0.148726
257060530,660,0,11602,5787.88,0.148726
257060530,660,1,10230.7,4996.72,0.147243
257060530,660,1,10816.4,5511.83,0.147243
257060530,660,1,11427.2,5997.01,0.147243
257060530,660,2,10411.1,4744.72,0.147243
257060530,660,2,11087.5,5133.19,0.147243
257060530,660,2,11743.6,5554.98,0.147243
257060530,660,3,10106.7,5090.91,0.142749
257060530,660,3,10638.1,5661.91,0.142749
257060530,660,3,11223.8,6177.02,0.142749
257060530,660,4,10460.3,4596.95,0.142755
257060530,660,4,11172.1,4915.96,0.142755
257060530,660,4,11848.5,5304.43,0.142755
257060530,660,5,9966.41,5158.57,0.135638
257060530,660,5,10438.1,5779.77,0.135638
257060530,660,5,10997.4,6323.51,0.135638
257060530,660,6,10479.2,4442.36,0.135645
257060530,660,6,11219.2,4688.71,0.135645
257060530,660,6,11914.2,5042.89,0.135645
257029700,720,0,9418.47,4586.57,0.148667
257029700,720,0,9705.57,4761.13,0.148667
257029700,720,0,9992.66,4935.69,0.148667
257029700,720,1,9378.07,4640.13,0.147185
257029700,720,1,9646.3,4842.48,0.147185
257029700,720,1,9924.32,5031.17,0.147185
257029700,720,2,9447.42,4526.05,0.147185
257029700,720,2,9750.51,4671.08,0.147185
257029700,720,2,10046,4831.07,0.147185
257029700,720,3,9327.83,4684.59,0.142799
257029700,720,3,9574.52,4912.71,0.142799
257029700,720,3,9842.76,5115.06,0.142799
257029700,720,4,9463.78,4460.99,0.142799
257029700,720,4,9779.84,4575.03,0.142799
257029700,720,4,10082.9,4720.06,0.142799
257029700,720,5,9269.76,4718.19,0.135683
257029700,720,5,9492.45,4969.8,0.135683
257029700,720,5,9750.24,5185.3,0.135683
257029700,720,6,9466.88,4393.97,0.135683
257029700,720,6,9792.75,4475.89,0.135683
257029700,720,6,10102.7,4605.59,0.135683
257060530,720,0,11001.4,5398.61,0.148723
257060530,720,0,11627.5,5873.83,0.148723
257060530,720,0,12253.5,6349.04,0.148723
257060530,720,1,10894.5,5513.52,0.147241
257060530,720,1,11470,6048.86,0.147241
257060530,720,1,12071.6,6554.78,0.147241
257060530,720,2,11083.3,5264.76,0.147241
257060530,720,2,11753.7,5675.09,0.147241
257060530,720,2,12402.8,6118.43,0.147241
257060530,720,3,10766.9,5604.9,0.142764
257060530,720,3,11286.1,6195.03,0.142764
257060530,720,3,11861.6,6730.37,0.142764
257060530,720,4,11137,5117.29,0.142765
257060530,720,4,11845,5458.65,0.142765
257060530,720,4,12515.4,5868.99,0.142765
257060530,720,5,10623.7,5669.11,0.135632
257060530,720,5,11081.4,6308.12,0.135632
257060530,720,5,11629.4,6871.56,0.135632
257060530,720,6,11160.4,4962.1,0.135633
257060530,720,6,11898.9,5231.07,0.135633
257060530,720,6,12589,5607.39,0.135633
257029700,780,0,9698.77,4785.15,0.148667
257029700,780,0,9975.16,4970.88,0.148667
257029700,780,0,10251.6,5156.61,0.148667
257029700,780,1,9656.36,4836.36,0.147185
257029700,780,1,9912.83,5048.75,0.147185
257029700,780,1,10179.6,5248.06,0.147185
257029700,780,2,9730.16,4726.54,0.147185
257029700,780,2,10023.7,4883.74,0.147185
257029700,780,2,10309,5055.43,0.147185
257029700,780,3,9604.62,4878.12,0.142799
257029700,780,3,9838.61,5115.06,0.142799
257029700,780,3,10095.1,5327.45,0.142799
257029700,780,4,9749.27,4662.85,0.142799
257029700,780,4,10057.1,4789.97,0.142799
257029700,780,4,10350.6,4947.18,0.142799
257029700,780,5,9545.62,4908.77,0.135683
257029700,780,5,9754.78,5167.89,0.135683
257029700,780,5,10000.3,5392.83,0.135683
257029700,780,6,9755.36,4596.64,0.135683
257029700,780,6,10074.3,4692.4,0.135683
257029700,780,6,10375.3,4834.74,0.135683
257060530,780,0,11668.7,5925.17,0.148729
257060530,780,0,12293,6427.08,0.148729
257060530,780,0,12917.2,6928.99,0.148729
257060530,780,1,11556.6,6039.19,0.147247
257060530,780,1,12127.6,6600.91,0.147247
257060530,780,1,12726,7133.39,0.147247
257060530,780,2,11756,5791.15,0.147247
257060530,780,2,12427.2,6228.23,0.147247
257060530,780,2,13075.8,6698.31,0.147247
257060530,780,3,11424,6128.65,0.142748
257060530,780,3,11936.1,6744.57,0.142748
257060530,780,3,12507.1,7306.29,0.142748
257060530,780,4,11814.9,5642.46,0.142743
257060530,780,4,12526.4,6010.34,0.142743
257060530,780,4,13197.7,6447.42,0.142743
257060530,780,5,11276.3,6189.98,0.13563
257060530,780,5,11724.3,6853.95,0.13563
257060530,780,5,12266.6,7443.52,0.13563
257060530,780,6,11843.1,5485.03,0.135657
257060530,780,6,12587.8,5780.04,0.135657
257060530,780,6,13280,6183.03,0.135657
257029700,840,0,9988.3,4966.56,0.148679
257029700,840,0,10267.9,5147.43,0.148679
257029700,840,0,10547.5,5328.31,0.148679
257029700,840,1,9946.79,5018.5,0.147198
257029700,840,1,10206.9,5226.38,0.147198
257029700,840,1,10477.1,5421.01,0.147198
257029700,840,2,10018.7,4907.4,0.147198
257029700,840,2,10314.9,5059.47,0.147198
257029700,840,2,10603.2,5226.14,0.147198
257029700,840,3,9895.79,5061.16,0.142811
257029700,840,3,10133.9,5293.98,0.142811
257029700,840,3,10394,5501.86,0.142811
257029700,840,4,10036.7,4843.4,0.142811
257029700,840,4,10346.6,4965.12,0.142811
257029700,840,4,10642.9,5117.19,0.142811
257029700,840,5,9837.33,5092.83,0.135695
257029700,840,5,10051,5348.26,0.135695
257029700,840,5,10300.4,5568.89,0.135695
257029700,840,6,10041.6,4777.09,0.135609
257029700,840,6,10362.2,4867.27,0.135609
257029700,840,6,10665.6,5004.33,0.135609
257060530,840,0,12319.8,6443.98,0.14872
257060530,840,0,12945.4,6963.3,0.14872
257060530,840,0,13570.9,7482.62,0.14872
257060530,840,1,12204.2,6557.9,0.147237
257060530,840,1,12774.7,7137.07,0.147237
257060530,840,1,13373.5,7687.01,0.147237
257060530,840,2,12410.5,6309.36,0.147237
257060530,840,2,13084.8,6763.63,0.147237
257060530,840,2,13735.5,7251.04,0.147237
257060530,840,3,12068.2,6646.58,0.142763
257060530,840,3,12578.1,7279.81,0.142763
257060530,840,3,13148.7,7858.99,0.142763
257060530,840,4,12472.7,6159.4,0.142745
257060530,840,4,13188.9,6544.09,0.142745
257060530,840,4,13863.2,6998.37,0.142745
257060530,840,5,11917.3,6706.47,0.135655
257060530,840,5,12361.5,7387.45,0.135655
257060530,840,5,12902.4,7994.41,0.135655
257060530,840,6,12503.8,6000.08,0.135643
257060530,840,6,13254.9,6311.35,0.135643
257060530,840,6,13951,6731.36,0.135643
257029700,900,0,10273.9,5159.23,0.148667
257029700,900,0,10552.3,5342.05,0.148667
257029700,900,0,10830.6,5524.88,0.148667
257029700,900,1,10232.1,5210.88,0.147185
257029700,900,1,10490.7,5420.57,0.147185
257029700,900,1,10759.6,5617.08,0.147185
257029700,900,2,10304.7,5100.29,0.147185
257029700,900,2,10599.9,5254.41,0.147185
257029700,900,2,10887,5423.1,0.147185
257029700,900,3,10180.8,5253.18,0.142799
257029700,900,3,10417.2,5487.65,0.142799
257029700,900,3,10675.9,5697.35,0.142799
257029700,900,4,10323.2,5036.41,0.142799
257029700,900,4,10632.3,5160.3,0.142799
257029700,900,4,10927.4,5314.42,0.142799
257029700,900,5,10122.1,5284.45,0.135683
257029700,900,5,10334,5541.36,0.135683
257029700,900,5,10581.8,5763.72,0.135683
257029700,900,6,10328.5,4970.14,0.135683
257029700,900,6,10648.5,5062.55,0.135683
257029700,900,6,10951,5201.73,0.135683
257060530,900,0,12934,6983.25,0.148725
257060530,900,0,13559,7517.1,0.148725
257060530,900,0,14184.1,8050.95,0.148725
257060530,900,1,12815.5,7096.79,0.147243
257060530,900,1,13384.1,7690.37,0.147243
257060530,900,1,13981.7,8254.79,0.147243
257060530,900,2,13027.6,6848.43,0.147243
257060530,900,2,13702.8,7317.21,0.147243
257060530,900,2,14353.8,7819.15,0.147243
257060530,900,3,12676.8,7184.52,0.142749
257060530,900,3,13183.3,7831.9,0.142749
257060530,900,3,13751.9,8425.48,0.142749
257060530,900,4,13092.5,6697.7,0.142761
257060530,900,4,13811.2,7096.73,0.142761
257060530,900,4,14486.4,7565.51,0.142761
257060530,900,5,12523.4,7242.94,0.135633
257060530,900,5,12962.8,7937.66,0.135633
257060530,900,5,13501,8558.92,0.135633
257060530,900,6,13126.2,6537.08,0.135646
257060530,900,6,13881.1,6862.36,0.135646
257060530,900,6,14579,7296.81,0.135646
257029700,960,0,10557.9,5340.95,0.148667
257029700,960,0,10838.5,5520.36,0.148667
257029700,960,0,11119,5699.78,0.148667
257029700,960,1,10516.7,5393.11,0.147185
257029700,960,1,10777.9,5599.63,0.147185
257029700,960,1,11049.1,5792.84,0.147185
257029700,960,2,10588,5281.64,0.147185
257029700,960,2,10885,5432.15,0.147185
257029700,960,2,11174.2,5597.32,0.147185
257029700,960,3,10465.9,5436.04,0.142799
257029700,960,3,10705.2,5667.61,0.142799
257029700,960,3,10966.4,5874.13,0.142799
257029700,960,4,10605.6,5217.55,0.142799
257029700,960,4,10916.2,5337.65,0.142799
257029700,960,4,11213.3,5488.15,0.142799
257029700,960,5,10407.6,5468.02,0.135683
257029700,960,5,10622.6,5722.32,0.135683
257029700,960,5,10873.2,5941.64,0.135683
257029700,960,6,10610.2,5151.21,0.135683
257029700,960,6,10931.3,5239.71,0.135683
257029700,960,6,11235.5,5375.18,0.135683
257060530,960,0,13589.7,7543.01,0.148726
257060530,960,0,14221.2,8078.55,0.148726
257060530,960,0,14852.7,8614.09,0.148726
257060530,960,1,13470.7,7657.79,0.147244
257060530,960,1,14045.6,8253.7,0.147244
257060530,960,1,14649.5,8820.13,0.147244
257060530,960,2,13683.5,7406.87,0.147244
257060530,960,2,14365.3,7876.7,0.147244
257060530,960,2,15022.8,8380.01,0.147244
257060530,960,3,13331.3,7746.65,0.142742
257060530,960,3,13843.8,8396.97,0.142742
257060530,960,3,14418.7,8992.88,0.142742
257060530,960,4,13748.4,7254.82,0.142771
257060530,960,4,14473.7,7654.23,0.142771
257060530,960,4,15155.5,8124.05,0.142771
257060530,960,5,13177,7806.03,0.135643
257060530,960,5,13622.1,8504.27,0.135643
257060530,960,5,14166.4,9128.17,0.135643
257060530,960,6,13781.8,7092.9,0.135629
257060530,960,6,14543.4,7417.91,0.135629
257060530,960,6,15247.8,7853.07,0.135629
257029700,1020,0,10868.8,5525.3,0.148667
257029700,1020,0,11154.1,5702.86,0.148667
257029700,1020,0,11439.3,5880.41,0.148667
257029700,1020,1,10827.9,5578.43,0.147185
257029700,1020,1,11094,5783.58,0.147185
257029700,1020,1,11370,5975.17,0.147185
257029700,1020,2,10898.4,5465.09,0.147185
257029700,1020,2,11200,5613.28,0.147185
257029700,1020,2,11493.8,5776.36,0.147185
257029700,1020,3,10777.2,5622.37,0.142799
257029700,1020,3,11021.5,5853.05,0.142799
257029700,1020,3,11287.6,6058.2,0.142799
257029700,1020,4,10915.5,5400.2,0.142799
257029700,1020,4,11230.3,5517.55,0.142799
257029700,1020,4,11531.9,5665.74,0.142799
257029700,1020,5,10718.8,5655.35,0.135683
257029700,1020,5,10938.8,5909.28,0.135683
257029700,1020,5,11194.3,6127.47,0.135683
257029700,1020,6,10919.3,5333.22,0.135683
257029700,1020,6,11244.3,5418.55,0.135683
257029700,1020,6,11552.8,5551.48,0.135683
257060530,1020,0,14112.2,8193.05,0.148725
257060530,1020,0,14650.4,8814.36,0.148725
257060530,1020,0,15188.6,9435.67,0.148725
257060530,1020,1,13978,8287.59,0.147144
257060530,1020,1,14451.5,8959.52,0.147144
257060530,1020,1,14958,9606.96,0.147144
257060530,1020,2,14224.9,8073.74,0.147243
257060530,1020,2,14822.4,8638.22,0.147243
257060530,1020,2,15391,9231.85,0.147243
257060530,1020,3,13827.7,8353.59,0.142749
257060530,1020,3,14231.8,9069.44,0.142749
257060530,1020,3,14705.3,9741.37,0.142749
257060530,1020,4,14311.6,7934.42,0.142855
257060530,1020,4,14962.5,8436.42,0.142855
257060530,1020,4,15560.1,9000.9,0.142855
257060530,1020,5,13667.4,8388.42,0.135653
257060530,1020,5,13997.9,9141.02,0.135653
257060530,1020,5,14437.2,9835.79,0.135653
257060530,1020,6,14369,7780.64,0.135631
257060530,1020,6,15066.8,8215.15,0.135631
257060530,1020,6,15691.8,8749.06,0.135631
257029700,1080,0,11152.2,5713.48,0.148667
257029700,1080,0,11434.3,5895.98,0.148667
257029700,1080,0,11716.4,6078.49,0.148667
257029700,1080,1,11110.3,5765.89,0.147185
257029700,1080,1,11372.8,5975.64,0.147185
257029700,1080,1,11645.4,6172.02,0.147185
257029700,1080,2,11182.8,5653.79,0.147185
257029700,1080,2,11481.7,5807.22,0.147185
257029700,1080,2,11772.6,5975.4,0.147185
257029700,1080,3,11058.8,5808.93,0.142798
257029700,1080,3,11299.1,6043.84,0.142798
257029700,1080,3,11561.5,6253.6,0.142798
257029700,1080,4,11201,5589.21,0.142799
257029700,1080,4,11513.7,5712.03,0.142799
257029700,1080,4,11812.6,5865.46,0.142799
257029700,1080,5,10999.8,5840.89,0.135683
257029700,1080,5,11215.4,6098.62,0.135683
257029700,1080,5,11467.1,6321.23,0.135683
257029700,1080,6,11205.9,5522.31,0.135683
257029700,1080,6,11529.4,5613.29,0.135683
257029700,1080,6,11835.6,5751.59,0.135683
257060530,1080,0,14499.4,8945.23,0.148643
257060530,1080,0,14918.4,9645.41,0.148643
257060530,1080,0,15337.5,10345.6,0.148643
257060530,1080,1,14351.9,9014.52,0.14717
257060530,1080,1,14699,9753.04,0.14717
257060530,1080,1,15082.5,10473.3,0.14717
257060530,1080,2,14630.1,8848.02,0.147214
257060530,1080,2,15117,9502.87,0.147214
257060530,1080,2,15570.5,10181.2,0.147214
257060530,1080,3,14193.6,9053.14,0.142783
257060530,1080,3,14465.2,9822.62,0.142783
257060530,1080,3,14812.3,10561.1,0.142783
257060530,1080,4,14739,8726.77,0.142827
257060530,1080,4,15288.8,9329.74,0.142827
257060530,1080,4,15775.6,9984.59,0.142827
257060530,1080,5,14030.8,9059.54,0.135653
257060530,1080,5,14224.2,9852.29,0.135653
257060530,1080,5,14533.9,10607.2,0.135653
257060530,1080,6,14821.5,8586.32,0.13571
257060530,1080,6,15428.8,9131.39,0.13571
257060530,1080,6,15947.8,9761.08,0.13571
257029700,1140,0,11435.8,5919.12,0.148667
257029700,1140,0,11709.7,6113.76,0.148667
257029700,1140,0,11983.6,6308.4,0.148667
257029700,1140,1,11391.7,5969.66,0.147185
257029700,1140,1,11644.7,6190.67,0.147185
257029700,1140,1,11908.6,6398.75,0.147185
257029700,1140,2,11469,5860.83,0.147185
257029700,1140,2,11760.9,6027.16,0.147185
257029700,1140,2,12044.2,6207.86,0.147185
257029700,1140,3,11338.4,6010.42,0.142799
257029700,1140,3,11568.1,6255.59,0.142799
257029700,1140,3,11821.2,6476.59,0.142799
257029700,1140,4,11490,5797.11,0.142799
257029700,1140,4,11797.1,5933.45,0.142799
257029700,1140,4,12089,6099.78,0.142799
257029700,1140,5,11278.1,6039.77,0.135683
257029700,1140,5,11482.2,6306.66,0.135683
257029700,1140,5,11723.9,6540.04,0.135683
257029700,1140,6,11497.9,5730.48,0.135683
257029700,1140,6,11817,5835.49,0.135683
257029700,1140,6,12116.9,5987.01,0.135683
257060530,1140,0,14639.4,9804.14,0.148661
257060530,1140,0,14860.2,10589.7,0.148661
257060530,1140,0,15081,11375.3,0.148661
257060530,1140,1,14478.9,9832.35,0.147176
257060530,1140,1,14620.2,10636,0.147176
257060530,1140,1,14801.5,11431.6,0.147176
257060530,1140,2,14791,9744.61,0.147179
257060530,1140,2,15089.2,10504.2,0.147179
257060530,1140,2,15349,11277.7,0.147179
257060530,1140,3,14316,9828.11,0.142791
257060530,1140,3,14376.4,10641.9,0.142791
257060530,1140,3,14517.7,11445.6,0.142791
257060530,1140,4,14927.9,9656.14,0.142817
257060530,1140,4,15300.3,10382.2,0.142817
257060530,1140,4,15598.5,11141.8,0.142817
257060530,1140,5,14157.3,9791.61,0.135674
257060530,1140,5,14136.1,10607.3,0.135674
257060530,1140,5,14237,11417.1,0.135674
257060530,1140,6,15044.4,9542.25,0.135701
257060530,1140,6,15487.5,10227.5,0.135701
257060530,1140,6,15823.2,10971.2,0.135701
